{"stats":{"minecraft:mined":{"minecraft:diamond_ore":6,"minecraft:white_bed":1,"minecraft:cobblestone_stairs":1,"minecraft:granite":55,"minecraft:allium":1,"minecraft:grass_block":150,"minecraft:large_fern":3,"minecraft:hay_block":19,"minecraft:redstone_ore":8,"minecraft:furnace":1,"minecraft:iron_ore":64,"minecraft:andesite":46,"minecraft:pumpkin":7,"minecraft:red_tulip":2,"minecraft:pink_tulip":9,"minecraft:white_tulip":4,"minecraft:stone":779,"minecraft:cornflower":1,"minecraft:crafting_table":4,"minecraft:torch":11,"minecraft:cobblestone":13,"minecraft:lapis_ore":14,"minecraft:oak_planks":2,"minecraft:diorite":9,"minecraft:wall_torch":6,"minecraft:birch_log":6,"minecraft:wheat":2,"minecraft:birch_leaves":1,"minecraft:yellow_bed":1,"minecraft:grass":2,"minecraft:oak_log":63,"minecraft:coal_ore":166,"minecraft:gravel":5,"minecraft:dirt":62,"minecraft:stone_bricks":9,"minecraft:gold_ore":24,"minecraft:oak_leaves":24},"minecraft:picked_up":{"minecraft:wheat":1,"minecraft:crafting_table":5,"minecraft:allium":1,"minecraft:ladder":9,"minecraft:stone_brick_wall":1,"minecraft:potion":1,"minecraft:cornflower":6,"minecraft:string":2,"minecraft:elytra":3,"minecraft:cooked_salmon":1,"minecraft:wooden_sword":2,"minecraft:gold_nugget":1,"minecraft:beef":5,"minecraft:white_tulip":9,"minecraft:player_head":3,"minecraft:iron_pickaxe":4,"minecraft:furnace":1,"minecraft:egg":1,"minecraft:stick":4,"minecraft:torch":51,"minecraft:porkchop":3,"minecraft:diorite":10,"minecraft:redstone":37,"minecraft:stone_sword":1,"minecraft:rotten_flesh":3,"minecraft:hay_block":19,"minecraft:red_tulip":2,"minecraft:pink_tulip":17,"minecraft:saddle":1,"minecraft:cobblestone":783,"minecraft:birch_log":6,"minecraft:andesite":46,"minecraft:leather":1,"minecraft:flint":1,"minecraft:oak_log":67,"minecraft:yellow_bed":1,"minecraft:cobblestone_stairs":1,"minecraft:lapis_lazuli":99,"minecraft:dirt":203,"minecraft:lantern":6,"minecraft:apple":1,"minecraft:stone_bricks":56,"minecraft:bow":1,"minecraft:wheat_seeds":11,"minecraft:stone_pickaxe":3,"minecraft:iron_ore":64,"minecraft:iron_sword":1,"minecraft:oak_planks":24,"minecraft:cooked_porkchop":2,"minecraft:pumpkin":7,"minecraft:dandelion":1,"minecraft:gravel":8,"minecraft:grass_path":1,"minecraft:white_bed":1,"minecraft:gold_ore":24,"minecraft:spider_eye":2,"minecraft:firework_rocket":1,"minecraft:diamond":6,"minecraft:stone_axe":1,"minecraft:writable_book":1,"minecraft:polished_blackstone_button":1,"minecraft:granite":68,"minecraft:spruce_button":3,"minecraft:oak_sapling":7,"minecraft:coal":165},"minecraft:dropped":{"minecraft:diamond":3,"minecraft:cooked_porkchop":1,"minecraft:cobblestone":2,"minecraft:spruce_button":3,"minecraft:polished_blackstone_button":1,"minecraft:cobblestone_stairs":1,"minecraft:torch":3,"minecraft:cornflower":1,"minecraft:potion":1,"minecraft:writable_book":1,"minecraft:gold_nugget":1,"minecraft:iron_pickaxe":3,"minecraft:anvil":1,"minecraft:soul_torch":1,"minecraft:player_head":1,"minecraft:netherite_sword":1,"minecraft:soul_lantern":1,"minecraft:oak_planks":11,"minecraft:hay_block":1,"minecraft:stone_brick_wall":1,"minecraft:spider_eye":1,"minecraft:iron_bars":1,"minecraft:stone_pickaxe":1,"minecraft:written_book":1,"minecraft:firework_rocket":1},"minecraft:broken":{"minecraft:wooden_shovel":2,"minecraft:stone_pickaxe":1,"minecraft:iron_pickaxe":2},"minecraft:custom":{"minecraft:mob_kills":12,"minecraft:interact_with_anvil":2,"minecraft:interact_with_crafting_table":30,"minecraft:bell_ring":13,"minecraft:leave_game":47,"minecraft:time_since_death":22388,"minecraft:climb_one_cm":5994,"minecraft:sprint_one_cm":126384,"minecraft:walk_one_cm":745856,"minecraft:drop":33,"minecraft:talked_to_villager":4,"minecraft:deaths":5,"minecraft:sneak_time":3896,"minecraft:walk_under_water_one_cm":59585,"minecraft:jump":2437,"minecraft:walk_on_water_one_cm":82542,"minecraft:interact_with_furnace":47,"minecraft:play_one_minute":527123,"minecraft:sleep_in_bed":4,"minecraft:time_since_rest":7817,"minecraft:damage_taken":1200,"minecraft:damage_dealt":1859,"minecraft:fly_one_cm":2602149,"minecraft:open_chest":32,"minecraft:crouch_one_cm":4812,"minecraft:aviate_one_cm":288088,"minecraft:fall_one_cm":24621,"minecraft:horse_one_cm":1060},"minecraft:crafted":{"minecraft:wooden_sword":1,"minecraft:oak_door":6,"minecraft:oak_planks":212,"minecraft:furnace":8,"minecraft:stone":240,"minecraft:cobblestone_stairs":12,"minecraft:stone_pickaxe":5,"minecraft:chest":2,"minecraft:stone_bricks":240,"minecraft:wheat":9,"minecraft:cooked_beef":5,"minecraft:wooden_shovel":3,"minecraft:cooked_porkchop":3,"minecraft:crafting_table":4,"minecraft:wooden_pickaxe":2,"minecraft:iron_sword":1,"minecraft:stone_axe":2,"minecraft:bread":3,"minecraft:air":0,"minecraft:stick":80,"minecraft:iron_ingot":55,"minecraft:iron_pickaxe":3,"minecraft:wooden_axe":3,"minecraft:stone_sword":1,"minecraft:gold_ingot":15,"minecraft:torch":152},"minecraft:killed_by":{"minecraft:creeper":1,"minecraft:zombie":1},"minecraft:killed":{"minecraft:spider":2,"minecraft:pig":2,"minecraft:zombie":2,"minecraft:villager":2,"minecraft:cow":3},"minecraft:used":{"minecraft:oak_fence":106,"minecraft:light_blue_stained_glass_pane":20,"minecraft:oak_trapdoor":2,"minecraft:petrified_oak_slab":3,"minecraft:trident":4,"minecraft:netherite_sword":10,"minecraft:iron_bars":1,"minecraft:writable_book":2,"minecraft:stone_sword":105,"minecraft:iron_shovel":140,"minecraft:brain_coral_fan":4,"minecraft:flint_and_steel":28,"minecraft:cut_red_sandstone_slab":1,"minecraft:ladder":13,"minecraft:diamond_hoe":1,"minecraft:chest":5,"minecraft:white_terracotta":25,"minecraft:iron_sword":2,"minecraft:wooden_shovel":181,"minecraft:bell":3,"minecraft:cooked_salmon":1,"minecraft:tube_coral":2,"minecraft:oak_door":3,"minecraft:soul_campfire":2,"minecraft:torch":149,"minecraft:dirt":8,"minecraft:anvil":2,"minecraft:spruce_stairs":2,"minecraft:cobblestone_wall":16,"minecraft:granite":9,"minecraft:glass":1,"minecraft:dark_oak_planks":94,"minecraft:stone_brick_slab":8,"minecraft:wooden_axe":30,"minecraft:packed_ice":25,"minecraft:netherite_shovel":8,"minecraft:bricks":621,"minecraft:lantern":41,"minecraft:grass_block":681,"minecraft:oak_stairs":77,"minecraft:dark_oak_wood":1,"minecraft:dark_oak_slab":100,"minecraft:dark_oak_button":1,"minecraft:stone_brick_stairs":239,"minecraft:stone_bricks":555,"minecraft:red_stained_glass_pane":8,"minecraft:birch_button":2,"minecraft:red_carpet":7,"minecraft:glowstone":24,"minecraft:brown_carpet":1,"minecraft:horn_coral":2,"minecraft:hay_block":19,"minecraft:oak_sapling":4,"minecraft:furnace":9,"minecraft:white_stained_glass_pane":20,"minecraft:seagrass":9,"minecraft:horn_coral_fan":2,"minecraft:wheat_seeds":2,"minecraft:dark_oak_stairs":38,"minecraft:diorite":8,"minecraft:tube_coral_fan":1,"minecraft:iron_ore":1,"minecraft:cobblestone_stairs":125,"minecraft:spruce_door":3,"minecraft:stone_pickaxe":410,"minecraft:oak_planks":316,"minecraft:wooden_pickaxe":77,"minecraft:cobblestone_slab":40,"minecraft:oak_leaves":663,"minecraft:brain_coral":4,"minecraft:dark_oak_trapdoor":2,"minecraft:diamond_block":2,"minecraft:yellow_terracotta":3,"minecraft:lime_stained_glass_pane":16,"minecraft:oak_slab":78,"minecraft:crafting_table":9,"minecraft:crossbow":1,"minecraft:white_bed":1,"minecraft:fire_coral":5,"minecraft:stone_brick_wall":74,"minecraft:spruce_log":158,"minecraft:oak_log":138,"minecraft:blue_stained_glass_pane":4,"minecraft:firework_rocket":12,"minecraft:crying_obsidian":4,"minecraft:dark_oak_log":45,"minecraft:bread":3,"minecraft:iron_pickaxe":734,"minecraft:stone_button":2,"minecraft:spruce_trapdoor":1,"minecraft:iron_door":3,"minecraft:stone_axe":37,"minecraft:soul_lantern":3,"minecraft:magenta_stained_glass_pane":14,"minecraft:smooth_red_sandstone_slab":1,"minecraft:wooden_sword":2,"minecraft:cobblestone":538,"minecraft:potion":5,"minecraft:cooked_porkchop":2,"minecraft:dark_oak_fence":27,"minecraft:white_stained_glass":147,"minecraft:andesite":24,"minecraft:lapis_block":2,"minecraft:chain":34,"minecraft:sea_pickle":36,"minecraft:smooth_stone_slab":28,"minecraft:yellow_bed":1,"minecraft:bone_meal":9,"minecraft:soul_torch":18}},"DataVersion":2578}