{"stats":{"minecraft:used":{"minecraft:peony":9,"minecraft:writable_book":5,"minecraft:iron_shovel":502,"minecraft:light_gray_stained_glass_pane":16,"minecraft:dispenser":27,"minecraft:spruce_slab":175,"minecraft:oak_sign":11,"minecraft:ladder":18,"minecraft:poppy":3,"minecraft:shield":67,"minecraft:chest":40,"minecraft:green_banner":7,"minecraft:donkey_spawn_egg":1,"minecraft:white_terracotta":226,"minecraft:iron_sword":511,"minecraft:stone":77,"minecraft:zombie_spawn_egg":2,"minecraft:quartz_stairs":28,"minecraft:grass":1,"minecraft:player_head":1,"minecraft:rotten_flesh":17,"minecraft:soul_campfire":1,"minecraft:soul_sand":4,"minecraft:lily_of_the_valley":6,"minecraft:carrot":16,"minecraft:jungle_slab":24,"minecraft:allium":6,"minecraft:beehive":4,"minecraft:azure_bluet":4,"minecraft:stripped_spruce_log":188,"minecraft:honey_bottle":44,"minecraft:spruce_boat":4,"minecraft:glass":56,"minecraft:cyan_terracotta":106,"minecraft:lava_bucket":1,"minecraft:netherite_shovel":284,"minecraft:lime_banner":1,"minecraft:villager_spawn_egg":65,"minecraft:music_disc_pigstep":8,"minecraft:grass_block":1451,"minecraft:black_stained_glass_pane":107,"minecraft:lantern":38,"minecraft:music_disc_chirp":6,"minecraft:gray_concrete_powder":187,"minecraft:stone_brick_stairs":33,"minecraft:stone_bricks":1244,"minecraft:blue_banner":19,"minecraft:item_frame":22,"minecraft:rabbit_stew":1,"minecraft:brown_carpet":2,"minecraft:birch_trapdoor":7,"minecraft:red_carpet":53,"minecraft:redstone_lamp":12,"minecraft:magma_block":2,"minecraft:bow":13,"minecraft:scaffolding":5,"minecraft:written_book":1,"minecraft:sweet_berries":18,"minecraft:furnace":18,"minecraft:oak_sapling":1,"minecraft:acacia_fence":1,"minecraft:potato":8,"minecraft:diorite":4,"minecraft:end_rod":2,"minecraft:spruce_door":27,"minecraft:stone_pickaxe":847,"minecraft:gray_carpet":17,"minecraft:acacia_trapdoor":1,"minecraft:oak_planks":255,"minecraft:orange_tulip":2,"minecraft:wooden_pickaxe":42,"minecraft:sugar_cane":11,"minecraft:sandstone":80,"minecraft:composter":2,"minecraft:oak_leaves":237,"minecraft:white_wool":10,"minecraft:respawn_anchor":4,"minecraft:dark_oak_trapdoor":4,"minecraft:golden_hoe":8,"minecraft:loom":6,"minecraft:mushroom_stew":1,"minecraft:black_banner":4,"minecraft:stone_brick_wall":4,"minecraft:gray_concrete":300,"minecraft:shears":68,"minecraft:birch_fence":15,"minecraft:redstone_torch":3,"minecraft:lever":5,"minecraft:firework_rocket":2,"minecraft:daylight_detector":11,"minecraft:birch_fence_gate":1,"minecraft:bread":51,"minecraft:stone_button":2,"minecraft:warped_slab":4,"minecraft:lectern":2,"minecraft:iron_door":2,"minecraft:lilac":14,"minecraft:soul_lantern":2,"minecraft:grindstone":2,"minecraft:dark_oak_fence":6,"minecraft:andesite":7,"minecraft:chain":10,"minecraft:birch_log":9,"minecraft:smooth_stone_slab":247,"minecraft:white_concrete":259,"minecraft:bone_meal":60,"minecraft:netherite_sword":266,"minecraft:oak_fence":30,"minecraft:rose_bush":15,"minecraft:oak_trapdoor":6,"minecraft:petrified_oak_slab":104,"minecraft:jungle_leaves":19,"minecraft:polished_blackstone_brick_slab":6,"minecraft:iron_bars":14,"minecraft:stone_sword":120,"minecraft:white_tulip":16,"minecraft:crimson_fence":61,"minecraft:flint_and_steel":1,"minecraft:carved_pumpkin":11,"minecraft:armor_stand":11,"minecraft:stone_shovel":660,"minecraft:light_gray_carpet":3,"minecraft:spruce_planks":432,"minecraft:polished_blackstone_wall":7,"minecraft:cooked_salmon":14,"minecraft:bee_spawn_egg":4,"minecraft:torch":494,"minecraft:dirt":749,"minecraft:anvil":11,"minecraft:white_carpet":27,"minecraft:hopper":4,"minecraft:spruce_stairs":104,"minecraft:cobblestone_wall":10,"minecraft:bee_nest":1,"minecraft:spruce_fence":62,"minecraft:granite":32,"minecraft:iron_hoe":49,"minecraft:stone_brick_slab":85,"minecraft:dark_oak_planks":248,"minecraft:bookshelf":25,"minecraft:red_tulip":26,"minecraft:iron_axe":302,"minecraft:oak_stairs":360,"minecraft:spruce_button":3,"minecraft:smooth_quartz":14,"minecraft:barrel":28,"minecraft:glowstone":15,"minecraft:warped_stairs":2,"minecraft:black_stained_glass":87,"minecraft:white_stained_glass_pane":40,"minecraft:podzol":3,"minecraft:crimson_pressure_plate":1,"minecraft:cooked_beef":12,"minecraft:pumpkin":10,"minecraft:observer":4,"minecraft:mossy_stone_brick_wall":40,"minecraft:brown_bed":5,"minecraft:wheat_seeds":61,"minecraft:cooked_mutton":8,"minecraft:water_bucket":144,"minecraft:pink_tulip":1,"minecraft:cobblestone_stairs":7,"minecraft:sandstone_stairs":13,"minecraft:birch_planks":8,"minecraft:lead":3,"minecraft:polished_andesite":26,"minecraft:baked_potato":10,"minecraft:pink_banner":2,"minecraft:cut_sandstone":132,"minecraft:spruce_sign":5,"minecraft:cauldron":3,"minecraft:spruce_fence_gate":25,"minecraft:polished_blackstone_bricks":15,"minecraft:salmon":4,"minecraft:rabbit_spawn_egg":5,"minecraft:rail":4,"minecraft:mossy_cobblestone":6,"minecraft:tnt":2,"minecraft:oak_slab":243,"minecraft:crafting_table":11,"minecraft:crimson_trapdoor":3,"minecraft:brown_banner":4,"minecraft:birch_sign":6,"minecraft:white_bed":2,"minecraft:campfire":8,"minecraft:painting":22,"minecraft:infested_stone_bricks":3,"minecraft:spruce_log":48,"minecraft:dark_oak_door":5,"minecraft:smoker":4,"minecraft:cake":1,"minecraft:warped_planks":12,"minecraft:cyan_stained_glass":1,"minecraft:oak_log":141,"minecraft:flower_pot":25,"minecraft:cornflower":26,"minecraft:activator_rail":6,"minecraft:apple":2,"minecraft:oxeye_daisy":8,"minecraft:acacia_sign":4,"minecraft:command_block":12,"minecraft:sunflower":2,"minecraft:iron_pickaxe":1964,"minecraft:oak_button":5,"minecraft:spruce_sapling":29,"minecraft:spruce_trapdoor":88,"minecraft:stone_axe":414,"minecraft:crimson_sign":1,"minecraft:chiseled_stone_bricks":2,"minecraft:cobblestone":610,"minecraft:white_banner":22,"minecraft:potion":1,"minecraft:orange_banner":1,"minecraft:acacia_pressure_plate":1,"minecraft:cooked_porkchop":3,"minecraft:red_banner":15,"minecraft:bucket":94,"minecraft:glass_pane":50,"minecraft:grass_path":495,"minecraft:stripped_oak_log":75,"minecraft:dandelion":4,"minecraft:splash_potion":18,"minecraft:jukebox":2,"minecraft:birch_stairs":1},"minecraft:killed_by":{"minecraft:creeper":1,"minecraft:zombie":2,"minecraft:skeleton":5},"minecraft:killed":{"minecraft:zombified_piglin":1,"minecraft:spider":23,"minecraft:skeleton":43,"minecraft:bee":2,"minecraft:pig":2,"minecraft:zombie_villager":3,"minecraft:salmon":33,"minecraft:creeper":15,"minecraft:sheep":12,"minecraft:pillager":2,"minecraft:zombie":58,"minecraft:cow":7,"minecraft:phantom":3,"minecraft:horse":3,"minecraft:husk":1,"minecraft:wandering_trader":2,"minecraft:squid":16},"minecraft:crafted":{"minecraft:brick":28,"minecraft:black_dye":27,"minecraft:smooth_stone":44,"minecraft:oak_planks":328,"minecraft:barrel":7,"minecraft:oak_sign":6,"minecraft:birch_slab":18,"minecraft:stone":63,"minecraft:cobblestone_stairs":4,"minecraft:lever":1,"minecraft:cooked_mutton":20,"minecraft:glass":40,"minecraft:iron_boots":1,"minecraft:chest":19,"minecraft:flower_pot":9,"minecraft:smoker":1,"minecraft:white_banner":2,"minecraft:item_frame":9,"minecraft:oak_slab":12,"minecraft:cooked_porkchop":4,"minecraft:crafting_table":4,"minecraft:spruce_planks":356,"minecraft:iron_helmet":1,"minecraft:wooden_pickaxe":1,"minecraft:baked_potato":10,"minecraft:spruce_door":3,"minecraft:birch_planks":88,"minecraft:campfire":5,"minecraft:painting":2,"minecraft:iron_chestplate":1,"minecraft:shield":2,"minecraft:stick":228,"minecraft:iron_ingot":86,"minecraft:iron_pickaxe":9,"minecraft:stone_sword":1,"minecraft:gold_ingot":27,"minecraft:light_gray_dye":31,"minecraft:shears":1,"minecraft:polished_andesite":36,"minecraft:stone_shovel":5,"minecraft:smooth_stone_slab":12,"minecraft:beehive":5,"minecraft:iron_nugget":81,"minecraft:furnace":15,"minecraft:gray_dye":44,"minecraft:bone_meal":60,"minecraft:spruce_fence":9,"minecraft:white_carpet":9,"minecraft:lantern":9,"minecraft:spruce_stairs":16,"minecraft:iron_axe":2,"minecraft:iron_hoe":1,"minecraft:spruce_slab":24,"minecraft:stone_pickaxe":7,"minecraft:spruce_boat":1,"minecraft:wheat":252,"minecraft:cooked_beef":12,"minecraft:red_dye":1,"minecraft:iron_sword":3,"minecraft:cooked_salmon":16,"minecraft:gray_concrete_powder":240,"minecraft:stone_axe":4,"minecraft:bread":93,"minecraft:air":0,"minecraft:black_stained_glass":40,"minecraft:white_dye":26,"minecraft:oak_stairs":24,"minecraft:iron_shovel":2,"minecraft:iron_leggings":1,"minecraft:armor_stand":6,"minecraft:white_bed":1,"minecraft:torch":76},"minecraft:custom":{"minecraft:animals_bred":3,"minecraft:interact_with_crafting_table":157,"minecraft:open_barrel":32,"minecraft:bell_ring":48,"minecraft:eat_cake_slice":5,"minecraft:leave_game":32,"minecraft:time_since_death":121868,"minecraft:sprint_one_cm":1931962,"minecraft:damage_blocked_by_shield":2670,"minecraft:drop":190,"minecraft:talked_to_villager":10,"minecraft:deaths":15,"minecraft:jump":13547,"minecraft:walk_on_water_one_cm":142714,"minecraft:interact_with_furnace":115,"minecraft:play_record":14,"minecraft:interact_with_cartography_table":1,"minecraft:play_one_minute":1362640,"minecraft:interact_with_loom":17,"minecraft:sleep_in_bed":20,"minecraft:damage_dealt":35276,"minecraft:player_kills":1,"minecraft:crouch_one_cm":19611,"minecraft:interact_with_smoker":22,"minecraft:inspect_dispenser":28,"minecraft:horse_one_cm":12960,"minecraft:interact_with_anvil":24,"minecraft:mob_kills":229,"minecraft:interact_with_campfire":4,"minecraft:climb_one_cm":6023,"minecraft:walk_one_cm":4407556,"minecraft:sneak_time":16052,"minecraft:walk_under_water_one_cm":140514,"minecraft:boat_one_cm":204311,"minecraft:pot_flower":26,"minecraft:interact_with_stonecutter":1,"minecraft:interact_with_grindstone":5,"minecraft:time_since_rest":42669,"minecraft:damage_taken":10155,"minecraft:swim_one_cm":142841,"minecraft:fly_one_cm":4272576,"minecraft:open_chest":459,"minecraft:aviate_one_cm":142553,"minecraft:fall_one_cm":211797},"minecraft:dropped":{"minecraft:cooked_beef":1,"minecraft:diamond":6,"minecraft:cooked_porkchop":2,"minecraft:dirt":672,"minecraft:cornflower":1,"minecraft:wooden_sword":2,"minecraft:iron_pickaxe":2,"minecraft:black_stained_glass":1,"minecraft:white_wool":9,"minecraft:armor_stand":1,"minecraft:bone":3,"minecraft:white_tulip":4,"minecraft:stone_axe":2,"minecraft:netherite_sword":1,"minecraft:rotten_flesh":9,"minecraft:oak_planks":1,"minecraft:netherite_shovel":1,"minecraft:azure_bluet":6,"minecraft:gunpowder":2,"minecraft:spruce_slab":1,"minecraft:iron_ore":20,"minecraft:arrow":3,"minecraft:written_book":1,"minecraft:iron_ingot":3,"minecraft:bread":3,"minecraft:stripped_spruce_log":1,"minecraft:oak_slab":2,"minecraft:wheat_seeds":4,"minecraft:lilac":1,"minecraft:cobblestone":322,"minecraft:granite":13,"minecraft:spruce_button":3,"minecraft:music_disc_pigstep":1,"minecraft:spruce_stairs":1,"minecraft:coal":1,"minecraft:stick":17,"minecraft:oxeye_daisy":1,"minecraft:diorite":19,"minecraft:torch":13,"minecraft:cooked_salmon":1,"minecraft:red_dye":1,"minecraft:string":4,"minecraft:pink_tulip":1,"minecraft:furnace":1,"minecraft:player_head":5,"minecraft:stone_sword":1,"minecraft:smooth_stone_slab":12,"minecraft:grass_path":1,"minecraft:white_carpet":1,"minecraft:name_tag":2,"minecraft:shears":1,"minecraft:peony":1,"minecraft:spruce_planks":4,"minecraft:andesite":50,"minecraft:oak_sapling":3,"minecraft:spider_eye":2,"minecraft:light_gray_dye":31,"minecraft:spruce_log":2,"minecraft:bow":1,"minecraft:stone_pickaxe":2,"minecraft:wooden_pickaxe":3,"minecraft:red_tulip":2,"minecraft:brick":1},"minecraft:picked_up":{"minecraft:seagrass":2,"minecraft:iron_chestplate":1,"minecraft:wheat":22,"minecraft:flower_pot":5,"minecraft:anvil":5,"minecraft:lead":11,"minecraft:oak_stairs":35,"minecraft:stone_brick_stairs":1,"minecraft:string":20,"minecraft:cooked_salmon":16,"minecraft:smooth_stone_slab":12,"minecraft:iron_leggings":1,"minecraft:armor_stand":2,"minecraft:shroomlight":2,"minecraft:oak_sign":5,"minecraft:sea_pickle":14,"minecraft:bucket":20,"minecraft:spruce_planks":99,"minecraft:acacia_sign":2,"minecraft:white_tulip":73,"minecraft:red_dye":1,"minecraft:rose_bush":8,"minecraft:written_book":1,"minecraft:iron_pickaxe":4,"minecraft:iron_boots":1,"minecraft:furnace":6,"minecraft:dark_oak_door":1,"minecraft:stick":47,"minecraft:composter":1,"minecraft:oak_fence":1,"minecraft:torch":92,"minecraft:spruce_stairs":29,"minecraft:porkchop":4,"minecraft:netherite_shovel":2,"minecraft:diorite":226,"minecraft:music_disc_pigstep":14,"minecraft:black_dye":63,"minecraft:stone_sword":7,"minecraft:cactus":1,"minecraft:honey_bottle":6,"minecraft:rotten_flesh":71,"minecraft:red_tulip":17,"minecraft:cobblestone":2555,"minecraft:birch_log":52,"minecraft:cooked_beef":5,"minecraft:lilac":13,"minecraft:water_bucket":4,"minecraft:andesite":158,"minecraft:potato":44,"minecraft:flint":31,"minecraft:light_gray_dye":2,"minecraft:lantern":40,"minecraft:gray_concrete":213,"minecraft:lapis_lazuli":87,"minecraft:dirt":1827,"minecraft:gray_concrete_powder":6,"minecraft:name_tag":62,"minecraft:leather_boots":1,"minecraft:bone":56,"minecraft:bow":10,"minecraft:wheat_seeds":95,"minecraft:orange_tulip":7,"minecraft:pink_banner":2,"minecraft:bell":3,"minecraft:grindstone":1,"minecraft:bamboo":425,"minecraft:oak_planks":46,"minecraft:honeycomb":15,"minecraft:cooked_porkchop":2,"minecraft:sand":219,"minecraft:stripped_spruce_log":97,"minecraft:ink_sac":27,"minecraft:grass_block":1,"minecraft:lily_of_the_valley":33,"minecraft:dark_oak_log":1,"minecraft:barrel":5,"minecraft:iron_hoe":3,"minecraft:polished_andesite":40,"minecraft:diamond":51,"minecraft:spruce_boat":8,"minecraft:polished_blackstone_button":2,"minecraft:granite":89,"minecraft:bone_meal":3,"minecraft:spruce_button":2,"minecraft:bread":8,"minecraft:oak_sapling":12,"minecraft:bricks":1,"minecraft:oak_leaves":108,"minecraft:crafting_table":5,"minecraft:allium":13,"minecraft:azure_bluet":17,"minecraft:ladder":14,"minecraft:clay_ball":176,"minecraft:wooden_pickaxe":9,"minecraft:stone_brick_wall":1,"minecraft:chain":1,"minecraft:brick":1,"minecraft:cornflower":47,"minecraft:oak_trapdoor":2,"minecraft:elytra":1,"minecraft:iron_axe":4,"minecraft:wooden_sword":2,"minecraft:item_frame":2,"minecraft:white_carpet":1,"minecraft:iron_shovel":13,"minecraft:cartography_table":1,"minecraft:netherite_sword":1,"minecraft:beef":13,"minecraft:player_head":2,"minecraft:observer":1,"minecraft:poppy":8,"minecraft:spruce_slab":14,"minecraft:sugar_cane":13,"minecraft:chest":17,"minecraft:birch_sapling":1,"minecraft:phantom_membrane":2,"minecraft:egg":4,"minecraft:black_stained_glass":1,"minecraft:spruce_fence":14,"minecraft:gray_dye":3,"minecraft:white_dye":9,"minecraft:trident":1,"minecraft:carrot":47,"minecraft:redstone":199,"minecraft:dark_oak_planks":6,"minecraft:tnt":1,"minecraft:arrow":92,"minecraft:peony":3,"minecraft:shears":2,"minecraft:hay_block":28,"minecraft:pink_tulip":4,"minecraft:gold_ingot":27,"minecraft:mutton":20,"minecraft:white_wool":21,"minecraft:oxeye_daisy":19,"minecraft:salmon":28,"minecraft:leather":9,"minecraft:birch_planks":9,"minecraft:oak_log":85,"minecraft:gunpowder":15,"minecraft:cobblestone_stairs":1,"minecraft:white_banner":5,"minecraft:cooked_mutton":1,"minecraft:red_carpet":1,"minecraft:apple":4,"minecraft:stone_bricks":2,"minecraft:kelp":7,"minecraft:iron_ingot":101,"minecraft:stone_pickaxe":4,"minecraft:iron_ore":211,"minecraft:glass_bottle":33,"minecraft:iron_sword":4,"minecraft:music_disc_chirp":6,"minecraft:book":27,"minecraft:oak_slab":6,"minecraft:dark_oak_slab":2,"minecraft:pumpkin":12,"minecraft:sweet_berries":10,"minecraft:dandelion":7,"minecraft:gravel":170,"minecraft:grass_path":2,"minecraft:spruce_sapling":30,"minecraft:white_bed":2,"minecraft:spruce_log":115,"minecraft:gold_ore":47,"minecraft:sea_lantern":2,"minecraft:spruce_door":4,"minecraft:spider_eye":17,"minecraft:leather_helmet":2,"minecraft:campfire":1,"minecraft:stone_axe":12,"minecraft:iron_helmet":1,"minecraft:painting":2,"minecraft:oak_button":3,"minecraft:baked_potato":5,"minecraft:coal":204},"minecraft:mined":{"minecraft:dark_oak_planks":6,"minecraft:white_bed":1,"minecraft:spruce_planks":60,"minecraft:farmland":1,"minecraft:cobblestone_stairs":1,"minecraft:granite":85,"minecraft:grass_block":343,"minecraft:composter":1,"minecraft:oak_wall_sign":1,"minecraft:oxeye_daisy":16,"minecraft:tall_seagrass":1,"minecraft:iron_ore":110,"minecraft:barrel":3,"minecraft:pumpkin":6,"minecraft:anvil":2,"minecraft:azure_bluet":10,"minecraft:red_tulip":9,"minecraft:oak_stairs":12,"minecraft:pink_tulip":2,"minecraft:spruce_slab":8,"minecraft:kelp_plant":1,"minecraft:clay":46,"minecraft:torch":1,"minecraft:poppy":3,"minecraft:chest":15,"minecraft:cobblestone":110,"minecraft:grindstone":1,"minecraft:oak_planks":14,"minecraft:sugar_cane":5,"minecraft:smooth_sandstone_slab":1,"minecraft:wall_torch":10,"minecraft:dark_oak_slab":1,"minecraft:birch_log":46,"minecraft:wheat":22,"minecraft:lilac":6,"minecraft:orange_tulip":2,"minecraft:grass":83,"minecraft:oak_log":85,"minecraft:sand":184,"minecraft:dirt":678,"minecraft:oak_leaves":117,"minecraft:light_gray_stained_glass_pane":1,"minecraft:diamond_ore":11,"minecraft:allium":3,"minecraft:spruce_fence":2,"minecraft:spruce_leaves":49,"minecraft:cartography_table":1,"minecraft:hay_block":28,"minecraft:redstone_ore":11,"minecraft:oak_trapdoor":2,"minecraft:spruce_sapling":3,"minecraft:furnace":6,"minecraft:carrots":8,"minecraft:andesite":142,"minecraft:stripped_spruce_log":88,"minecraft:peony":4,"minecraft:bookshelf":9,"minecraft:potatoes":8,"minecraft:lantern":6,"minecraft:bamboo":2,"minecraft:white_tulip":33,"minecraft:stone":1826,"minecraft:white_wool":1,"minecraft:oak_slab":1,"minecraft:gray_concrete":98,"minecraft:lily_of_the_valley":25,"minecraft:dandelion":4,"minecraft:fire_coral":1,"minecraft:smooth_sandstone":1,"minecraft:crafting_table":4,"minecraft:cornflower":18,"minecraft:rose_bush":5,"minecraft:tall_grass":8,"minecraft:lapis_ore":4,"minecraft:diorite":212,"minecraft:spruce_stairs":6,"minecraft:birch_planks":8,"minecraft:cactus":1,"minecraft:gray_concrete_powder":6,"minecraft:sea_pickle":4,"minecraft:sweet_berry_bush":3,"minecraft:spruce_log":113,"minecraft:birch_leaves":3,"minecraft:white_wall_banner":2,"minecraft:bee_nest":2,"minecraft:grass_path":2,"minecraft:coal_ore":102,"minecraft:gravel":147,"minecraft:polished_andesite":3,"minecraft:stone_bricks":1,"minecraft:gold_ore":22},"minecraft:broken":{"minecraft:iron_shovel":2,"minecraft:iron_boots":1,"minecraft:stone_pickaxe":6,"minecraft:stone_axe":2,"minecraft:iron_sword":2,"minecraft:stone_shovel":5,"minecraft:shield":1,"minecraft:iron_axe":1,"minecraft:iron_pickaxe":6,"minecraft:iron_helmet":1}},"DataVersion":2578}