{"stats":{"minecraft:mined":{"minecraft:white_bed":1,"minecraft:granite":41,"minecraft:grass_block":9,"minecraft:redstone_ore":7,"minecraft:oak_trapdoor":4,"minecraft:spruce_sapling":1,"minecraft:furnace":1,"minecraft:iron_ore":100,"minecraft:andesite":21,"minecraft:red_tulip":2,"minecraft:bamboo":19,"minecraft:stone":575,"minecraft:crafting_table":5,"minecraft:torch":3,"minecraft:poppy":1,"minecraft:chest":1,"minecraft:rose_bush":1,"minecraft:cobblestone":8,"minecraft:lapis_ore":3,"minecraft:sugar_cane":4,"minecraft:oak_planks":1,"minecraft:diorite":27,"minecraft:wall_torch":3,"minecraft:lilac":1,"minecraft:grass":3,"minecraft:oak_log":28,"minecraft:coal_ore":165,"minecraft:gravel":43,"minecraft:dirt":25,"minecraft:gold_ore":19,"minecraft:oak_leaves":61},"minecraft:picked_up":{"minecraft:seagrass":4,"minecraft:crafting_table":7,"minecraft:ladder":1,"minecraft:oak_stairs":1,"minecraft:gold_block":2,"minecraft:potion":4,"minecraft:chain":4,"minecraft:cornflower":3,"minecraft:oak_trapdoor":5,"minecraft:elytra":2,"minecraft:flint_and_steel":1,"minecraft:oak_sign":2,"minecraft:respawn_anchor":2,"minecraft:netherite_sword":1,"minecraft:spruce_planks":1,"minecraft:rose_bush":1,"minecraft:player_head":1,"minecraft:light_gray_wool":2,"minecraft:poppy":2,"minecraft:iron_pickaxe":6,"minecraft:spruce_slab":2,"minecraft:sugar_cane":15,"minecraft:chest":1,"minecraft:furnace":1,"minecraft:egg":1,"minecraft:stick":21,"minecraft:stone":1,"minecraft:torch":141,"minecraft:spruce_stairs":5,"minecraft:spruce_fence":3,"minecraft:diorite":25,"minecraft:redstone":48,"minecraft:zombified_piglin_spawn_egg":1,"minecraft:brown_carpet":1,"minecraft:arrow":7,"minecraft:rotten_flesh":2,"minecraft:red_tulip":2,"minecraft:carved_pumpkin":66,"minecraft:glowstone":2,"minecraft:mutton":12,"minecraft:iron_bars":1,"minecraft:snowball":3,"minecraft:white_wool":8,"minecraft:cobblestone":704,"minecraft:oxeye_daisy":4,"minecraft:stripped_oak_log":3,"minecraft:lilac":1,"minecraft:iron_door":5,"minecraft:andesite":22,"minecraft:brown_wool":2,"minecraft:flint":4,"minecraft:stripped_spruce_wood":1,"minecraft:oak_log":37,"minecraft:lapis_lazuli":22,"minecraft:dirt":31,"minecraft:lantern":5,"minecraft:name_tag":1,"minecraft:bone":5,"minecraft:stone_bricks":1,"minecraft:wheat_seeds":8,"minecraft:orange_tulip":5,"minecraft:stone_pickaxe":1,"minecraft:iron_ore":138,"minecraft:bamboo":144,"minecraft:iron_sword":1,"minecraft:oak_planks":20,"minecraft:dark_oak_stairs":1,"minecraft:oak_slab":1,"minecraft:red_sandstone_wall":3,"minecraft:gravel":40,"minecraft:spruce_sapling":2,"minecraft:white_bed":3,"minecraft:grass_block":2,"minecraft:gold_ore":35,"minecraft:firework_rocket":2,"minecraft:red_stained_glass":2,"minecraft:writable_book":1,"minecraft:polished_blackstone_button":4,"minecraft:granite":59,"minecraft:oak_sapling":9,"minecraft:dark_oak_wood":1,"minecraft:dark_oak_fence":2,"minecraft:stripped_dark_oak_log":2,"minecraft:coal":304,"minecraft:oak_leaves":2,"minecraft:sunflower":1},"minecraft:dropped":{"minecraft:iron_ingot":4,"minecraft:wheat_seeds":1,"minecraft:elytra":4,"minecraft:torch":3,"minecraft:potion":4,"minecraft:chain":1,"minecraft:writable_book":1,"minecraft:iron_pickaxe":2,"minecraft:stone_sword":1,"minecraft:grass_path":1,"minecraft:rotten_flesh":2,"minecraft:sea_lantern":1,"minecraft:shroomlight":1,"minecraft:glowstone":2,"minecraft:iron_bars":1,"minecraft:wooden_pickaxe":2,"minecraft:stone_pickaxe":3,"minecraft:firework_rocket":2},"minecraft:broken":{"minecraft:stone_pickaxe":1,"minecraft:iron_pickaxe":2},"minecraft:custom":{"minecraft:mob_kills":12,"minecraft:interact_with_anvil":10,"minecraft:interact_with_crafting_table":38,"minecraft:open_barrel":3,"minecraft:leave_game":98,"minecraft:time_since_death":20618,"minecraft:climb_one_cm":4059,"minecraft:sprint_one_cm":155497,"minecraft:walk_one_cm":870809,"minecraft:drop":36,"minecraft:talked_to_villager":1,"minecraft:deaths":19,"minecraft:sneak_time":24254,"minecraft:walk_under_water_one_cm":5363,"minecraft:jump":1762,"minecraft:walk_on_water_one_cm":13546,"minecraft:interact_with_furnace":34,"minecraft:play_one_minute":417817,"minecraft:interact_with_loom":4,"minecraft:sleep_in_bed":6,"minecraft:time_since_rest":21418,"minecraft:damage_taken":1857,"minecraft:damage_dealt":2421,"minecraft:fly_one_cm":967822,"minecraft:open_chest":34,"minecraft:crouch_one_cm":29841,"minecraft:aviate_one_cm":2448370,"minecraft:fall_one_cm":25345},"minecraft:crafted":{"minecraft:oak_planks":132,"minecraft:stone_shovel":1,"minecraft:leather_leggings":1,"minecraft:leather_boots":1,"minecraft:furnace":3,"minecraft:oak_trapdoor":4,"minecraft:stone_pickaxe":4,"minecraft:chest":2,"minecraft:crafting_table":4,"minecraft:wooden_pickaxe":2,"minecraft:leather_helmet":2,"minecraft:stone_axe":1,"minecraft:air":0,"minecraft:shield":2,"minecraft:stick":36,"minecraft:iron_ingot":45,"minecraft:iron_pickaxe":5,"minecraft:stone_sword":1,"minecraft:gold_ingot":5,"minecraft:white_bed":2,"minecraft:torch":80,"minecraft:firework_rocket":192},"minecraft:killed_by":{"minecraft:player":1,"minecraft:skeleton":2,"minecraft:zombie":2},"minecraft:killed":{"minecraft:zombified_piglin":2,"minecraft:skeleton":3,"minecraft:snow_golem":1,"minecraft:turtle":1,"minecraft:wither_skeleton":2,"minecraft:villager":2},"minecraft:used":{"minecraft:oak_fence":11,"minecraft:oak_trapdoor":5,"minecraft:netherite_sword":22,"minecraft:iron_bars":141,"minecraft:writable_book":1,"minecraft:cut_red_sandstone_slab":3,"minecraft:carved_pumpkin":5,"minecraft:spruce_slab":82,"minecraft:stone_shovel":39,"minecraft:ladder":5,"minecraft:chest":3,"minecraft:spruce_planks":32,"minecraft:iron_sword":4,"minecraft:wither_skeleton_spawn_egg":2,"minecraft:bell":3,"minecraft:orange_stained_glass":10,"minecraft:torch":31,"minecraft:dirt":140,"minecraft:mutton":6,"minecraft:anvil":6,"minecraft:skeleton_spawn_egg":1,"minecraft:spruce_stairs":167,"minecraft:cobblestone_wall":28,"minecraft:granite":3,"minecraft:spruce_fence":60,"minecraft:oak_fence_gate":8,"minecraft:stripped_spruce_log":46,"minecraft:shroomlight":7,"minecraft:villager_spawn_egg":3,"minecraft:iron_block":9,"minecraft:lantern":19,"minecraft:oak_stairs":42,"minecraft:grass_block":663,"minecraft:dark_oak_slab":5,"minecraft:bamboo":17,"minecraft:bedrock":236,"minecraft:birch_trapdoor":6,"minecraft:red_stained_glass_pane":2,"minecraft:redstone_lamp":4,"minecraft:brown_carpet":2,"minecraft:oak_sapling":4,"minecraft:furnace":4,"minecraft:gold_block":9,"minecraft:egg":1,"minecraft:zombified_piglin_spawn_egg":2,"minecraft:observer":3,"minecraft:turtle_spawn_egg":1,"minecraft:dark_oak_stairs":31,"minecraft:water_bucket":61,"minecraft:snow_block":2,"minecraft:stripped_birch_log":34,"minecraft:red_stained_glass":2,"minecraft:stone_pickaxe":229,"minecraft:oak_planks":2,"minecraft:wooden_pickaxe":30,"minecraft:redstone_block":5,"minecraft:beacon":1,"minecraft:oak_leaves":65,"minecraft:respawn_anchor":1,"minecraft:stripped_dark_oak_log":15,"minecraft:sand":253,"minecraft:yellow_terracotta":7,"minecraft:tnt":38,"minecraft:crafting_table":9,"minecraft:loom":2,"minecraft:white_bed":2,"minecraft:stone_brick_wall":42,"minecraft:spruce_log":26,"minecraft:red_sandstone_wall":19,"minecraft:birch_fence":41,"minecraft:oak_log":104,"minecraft:firework_rocket":17,"minecraft:birch_fence_gate":17,"minecraft:stripped_jungle_log":3,"minecraft:iron_pickaxe":716,"minecraft:spruce_trapdoor":97,"minecraft:iron_door":17,"minecraft:gravel":8,"minecraft:stone_axe":1,"minecraft:cobblestone":250,"minecraft:potion":14,"minecraft:dark_oak_fence":35,"minecraft:andesite":2,"minecraft:chain":14,"minecraft:smooth_stone_slab":74,"minecraft:sea_pickle":18,"minecraft:polished_blackstone_button":6,"minecraft:stripped_oak_log":103,"minecraft:birch_stairs":12}},"DataVersion":2578}