{"stats":{"minecraft:mined":{"minecraft:diamond_ore":18,"minecraft:granite":82,"minecraft:allium":1,"minecraft:grass_block":31,"minecraft:spruce_leaves":6,"minecraft:red_stained_glass_pane":1,"minecraft:redstone_ore":12,"minecraft:oak_trapdoor":3,"minecraft:furnace":1,"minecraft:iron_ore":79,"minecraft:andesite":34,"minecraft:peony":1,"minecraft:brown_bed":1,"minecraft:pink_tulip":1,"minecraft:white_tulip":2,"minecraft:stone":1147,"minecraft:soul_wall_torch":3,"minecraft:dandelion":1,"minecraft:crafting_table":7,"minecraft:torch":15,"minecraft:rose_bush":1,"minecraft:cobblestone":10,"minecraft:tall_grass":3,"minecraft:lapis_ore":6,"minecraft:sugar_cane":1,"minecraft:oak_planks":3,"minecraft:diorite":57,"minecraft:wall_torch":9,"minecraft:wheat":1,"minecraft:lilac":2,"minecraft:spruce_log":8,"minecraft:birch_leaves":5,"minecraft:grass":8,"minecraft:oak_log":159,"minecraft:coal_ore":205,"minecraft:sunflower":1,"minecraft:gravel":30,"minecraft:dirt":47,"minecraft:gold_ore":15,"minecraft:oak_leaves":63},"minecraft:picked_up":{"minecraft:wheat":1,"minecraft:crafting_table":7,"minecraft:allium":2,"minecraft:azure_bluet":2,"minecraft:lead":1,"minecraft:wooden_pickaxe":1,"minecraft:brown_bed":1,"minecraft:cornflower":3,"minecraft:oak_trapdoor":3,"minecraft:string":7,"minecraft:gold_nugget":5,"minecraft:spruce_planks":20,"minecraft:white_tulip":2,"minecraft:rose_bush":1,"minecraft:poppy":1,"minecraft:iron_pickaxe":4,"minecraft:egg":9,"minecraft:furnace":1,"minecraft:stick":27,"minecraft:torch":27,"minecraft:spruce_stairs":2,"minecraft:diorite":58,"minecraft:redstone":54,"minecraft:stone_sword":1,"minecraft:arrow":4,"minecraft:rotten_flesh":4,"minecraft:peony":1,"minecraft:pink_tulip":1,"minecraft:mutton":2,"minecraft:white_wool":1,"minecraft:cobblestone":1341,"minecraft:oxeye_daisy":1,"minecraft:lilac":2,"minecraft:cooked_beef":1,"minecraft:andesite":29,"minecraft:flint":4,"minecraft:oak_log":159,"minecraft:cobblestone_stairs":1,"minecraft:lapis_lazuli":44,"minecraft:dirt":105,"minecraft:lantern":2,"minecraft:bone":4,"minecraft:apple":2,"minecraft:orange_tulip":3,"minecraft:wheat_seeds":13,"minecraft:stone_pickaxe":6,"minecraft:iron_ingot":90,"minecraft:iron_ore":100,"minecraft:bamboo":63,"minecraft:oak_planks":120,"minecraft:cooked_porkchop":1,"minecraft:dandelion":1,"minecraft:gravel":60,"minecraft:ink_sac":3,"minecraft:spruce_sapling":1,"minecraft:soul_torch":4,"minecraft:spruce_log":7,"minecraft:gold_ore":14,"minecraft:spider_eye":2,"minecraft:diamond":55,"minecraft:granite":84,"minecraft:bread":3,"minecraft:oak_sapling":32,"minecraft:coal":208},"minecraft:dropped":{"minecraft:wheat_seeds":1,"minecraft:lilac":1,"minecraft:diamond":6,"minecraft:cobblestone":1,"minecraft:lantern":1,"minecraft:saddle":1,"minecraft:spruce_stairs":2,"minecraft:coal":64,"minecraft:dirt":19,"minecraft:cornflower":1,"minecraft:rose_bush":1,"minecraft:iron_pickaxe":1,"minecraft:rotten_flesh":1,"minecraft:oak_planks":1,"minecraft:poppy":1,"minecraft:spider_eye":1,"minecraft:iron_ore":20,"minecraft:stone_pickaxe":1},"minecraft:broken":{"minecraft:stone_pickaxe":5,"minecraft:stone_axe":1,"minecraft:iron_pickaxe":2},"minecraft:custom":{"minecraft:mob_kills":12,"minecraft:interact_with_anvil":5,"minecraft:interact_with_crafting_table":44,"minecraft:open_barrel":23,"minecraft:leave_game":51,"minecraft:time_since_death":1426,"minecraft:climb_one_cm":60,"minecraft:sprint_one_cm":228199,"minecraft:walk_one_cm":1365848,"minecraft:drop":36,"minecraft:talked_to_villager":3,"minecraft:deaths":23,"minecraft:sneak_time":13862,"minecraft:walk_under_water_one_cm":10647,"minecraft:jump":2533,"minecraft:walk_on_water_one_cm":20164,"minecraft:interact_with_furnace":36,"minecraft:play_record":1,"minecraft:play_one_minute":380151,"minecraft:interact_with_stonecutter":1,"minecraft:sleep_in_bed":11,"minecraft:time_since_rest":737,"minecraft:damage_taken":6784,"minecraft:damage_dealt":3779,"minecraft:interact_with_beacon":1,"minecraft:fly_one_cm":276358,"minecraft:player_kills":1,"minecraft:open_chest":85,"minecraft:crouch_one_cm":16585,"minecraft:interact_with_smoker":2,"minecraft:fall_one_cm":36121,"minecraft:horse_one_cm":581730},"minecraft:crafted":{"minecraft:wooden_sword":1,"minecraft:oak_planks":212,"minecraft:spruce_button":2,"minecraft:furnace":1,"minecraft:oak_trapdoor":2,"minecraft:stone_pickaxe":11,"minecraft:chest":1,"minecraft:crafting_table":6,"minecraft:spruce_planks":28,"minecraft:wooden_pickaxe":4,"minecraft:stone_axe":1,"minecraft:stick":68,"minecraft:iron_pickaxe":8,"minecraft:iron_ingot":61,"minecraft:wooden_axe":2,"minecraft:torch":36},"minecraft:killed_by":{"minecraft:player":1,"minecraft:creeper":5,"minecraft:skeleton":9,"minecraft:zombie":4},"minecraft:killed":{"minecraft:spider":3,"minecraft:skeleton":1,"minecraft:creeper":2,"minecraft:sheep":1,"minecraft:zombie":5},"minecraft:used":{"minecraft:oak_trapdoor":3,"minecraft:chest":1,"minecraft:donkey_spawn_egg":13,"minecraft:rotten_flesh":2,"minecraft:torch":32,"minecraft:dirt":58,"minecraft:mutton":2,"minecraft:anvil":2,"minecraft:carrot":7,"minecraft:spruce_fence":1,"minecraft:granite":23,"minecraft:honey_bottle":8,"minecraft:wooden_axe":67,"minecraft:bricks":1,"minecraft:music_disc_chirp":1,"minecraft:bamboo":3,"minecraft:oak_sapling":13,"minecraft:furnace":1,"minecraft:egg":5,"minecraft:cooked_beef":1,"minecraft:brown_bed":1,"minecraft:wheat_seeds":1,"minecraft:diorite":35,"minecraft:iron_ore":2,"minecraft:cobblestone_stairs":1,"minecraft:lead":1,"minecraft:stone_pickaxe":846,"minecraft:oak_planks":3,"minecraft:polished_diorite_slab":1,"minecraft:wooden_pickaxe":64,"minecraft:crafting_table":10,"minecraft:dark_oak_door":1,"minecraft:birch_fence":6,"minecraft:apple":2,"minecraft:bread":3,"minecraft:oak_button":1,"minecraft:iron_pickaxe":874,"minecraft:spruce_trapdoor":1,"minecraft:spruce_sapling":1,"minecraft:polished_andesite_slab":2,"minecraft:stone_axe":135,"minecraft:wooden_sword":6,"minecraft:cobblestone":175,"minecraft:potion":20,"minecraft:cooked_porkchop":1,"minecraft:andesite":18,"minecraft:smooth_stone_slab":2,"minecraft:soul_torch":2}},"DataVersion":2578}