{"stats":{"minecraft:picked_up":{"minecraft:poppy":1,"minecraft:dirt":35,"minecraft:music_disc_chirp":3},"minecraft:custom":{"minecraft:open_barrel":2,"minecraft:time_since_rest":17983,"minecraft:open_chest":11,"minecraft:play_time":17983,"minecraft:sprint_one_cm":45935,"minecraft:walk_one_cm":51637,"minecraft:sneak_time":65,"minecraft:drop":1,"minecraft:jump":105,"minecraft:play_record":4,"minecraft:walk_on_water_one_cm":36,"minecraft:time_since_death":17983,"minecraft:total_world_time":17983,"minecraft:talked_to_villager":1,"minecraft:interact_with_crafting_table":1,"minecraft:fly_one_cm":274589,"minecraft:horse_one_cm":2346},"minecraft:used":{"minecraft:writable_book":1,"minecraft:dirt":2,"minecraft:cobblestone":3,"minecraft:hopper":2,"minecraft:grass_block":1,"minecraft:iron_door":1,"minecraft:jukebox":1,"minecraft:dark_oak_door":1},"minecraft:dropped":{"minecraft:writable_book":1}},"DataVersion":3955}