{"stats":{"minecraft:killed":{"minecraft:sheep":3,"minecraft:zombie":7,"minecraft:zombie_villager":2,"minecraft:creeper":1},"minecraft:picked_up":{"minecraft:stick":1,"minecraft:crafting_table":1,"minecraft:azure_bluet":15,"minecraft:warped_fungus_on_a_stick":1,"minecraft:leather":56,"minecraft:dandelion":1,"minecraft:torch":12,"minecraft:carrot_on_a_stick":1,"minecraft:raw_iron_block":1,"minecraft:spruce_sapling":2,"minecraft:gunpowder":1,"minecraft:spruce_door":1,"minecraft:string":63,"minecraft:smooth_stone_slab":1,"minecraft:armor_stand":4,"minecraft:rotten_flesh":2,"minecraft:wheat_seeds":8,"minecraft:gold_ingot":1,"minecraft:mutton":4,"minecraft:white_wool":3,"minecraft:egg":1},"minecraft:used":{"minecraft:oak_fence":9,"minecraft:dirt_path":427,"minecraft:cobblestone_stairs":253,"minecraft:warped_fungus_on_a_stick":4,"minecraft:spruce_door":1,"minecraft:armor_stand":3,"minecraft:grass_block":1006,"minecraft:oak_stairs":1,"minecraft:carrot_on_a_stick":10,"minecraft:oak_sign":1,"minecraft:stone":7,"minecraft:iron_sword":50,"minecraft:torch":261,"minecraft:cobblestone":22,"minecraft:dirt":60,"minecraft:anvil":1,"minecraft:crafting_table":5,"minecraft:raw_iron_block":1,"minecraft:egg":9,"minecraft:stripped_oak_log":1,"minecraft:painting":23},"minecraft:custom":{"minecraft:time_since_rest":68480,"minecraft:sprint_one_cm":36080,"minecraft:walk_one_cm":182016,"minecraft:interact_with_anvil":1,"minecraft:mob_kills":13,"minecraft:drop":1,"minecraft:damage_dealt":2239,"minecraft:talked_to_villager":2,"minecraft:interact_with_crafting_table":6,"minecraft:fly_one_cm":625459,"minecraft:open_chest":4,"minecraft:crouch_one_cm":342,"minecraft:play_time":83980,"minecraft:deaths":1,"minecraft:sneak_time":1733,"minecraft:walk_under_water_one_cm":2220,"minecraft:jump":215,"minecraft:walk_on_water_one_cm":1182,"minecraft:time_since_death":68458,"minecraft:total_world_time":83980},"minecraft:crafted":{"minecraft:warped_fungus_on_a_stick":1,"minecraft:armor_stand":1,"minecraft:carrot_on_a_stick":1},"minecraft:dropped":{"minecraft:torch":1}},"DataVersion":3955}