{"stats":{"minecraft:killed_by":{"minecraft:player":2},"minecraft:killed":{"minecraft:skeleton":1,"minecraft:zombie_villager":2,"minecraft:creeper":1,"minecraft:sheep":3,"minecraft:zombie":9,"minecraft:enderman":1},"minecraft:custom":{"minecraft:mob_kills":17,"minecraft:interact_with_anvil":11,"minecraft:animals_bred":1,"minecraft:inspect_hopper":7,"minecraft:interact_with_crafting_table":36,"minecraft:open_barrel":10,"minecraft:fill_cauldron":2,"minecraft:leave_game":16,"minecraft:time_since_death":586468,"minecraft:climb_one_cm":4343,"minecraft:sprint_one_cm":344396,"minecraft:walk_one_cm":1324396,"minecraft:drop":68,"minecraft:talked_to_villager":4,"minecraft:play_time":841851,"minecraft:deaths":3,"minecraft:sneak_time":10883,"minecraft:walk_under_water_one_cm":13712,"minecraft:jump":1531,"minecraft:walk_on_water_one_cm":19009,"minecraft:total_world_time":841851,"minecraft:play_record":11,"minecraft:tune_noteblock":1,"minecraft:interact_with_loom":2,"minecraft:pot_flower":4,"minecraft:sleep_in_bed":4,"minecraft:time_since_rest":586495,"minecraft:damage_taken":726,"minecraft:damage_dealt":3156,"minecraft:fly_one_cm":3095709,"minecraft:open_chest":34,"minecraft:crouch_one_cm":2740,"minecraft:interact_with_smoker":2,"minecraft:fall_one_cm":2372,"minecraft:inspect_dispenser":53,"minecraft:horse_one_cm":27803},"minecraft:dropped":{"minecraft:black_dye":1,"minecraft:oak_fence":1,"minecraft:grass_block":1,"minecraft:stick":1,"minecraft:packed_ice":1,"minecraft:dispenser":1,"minecraft:torch":1,"minecraft:yellow_dye":1,"minecraft:snowball":28,"minecraft:lime_carpet":1,"minecraft:gold_nugget":1,"minecraft:paper":256,"minecraft:white_wool":2,"minecraft:chiseled_polished_blackstone":1,"minecraft:oak_planks":9,"minecraft:firework_star":9,"minecraft:gunpowder":126,"minecraft:spruce_slab":1,"minecraft:firework_rocket":119},"minecraft:picked_up":{"minecraft:crafting_table":2,"minecraft:firework_star":9,"minecraft:azure_bluet":51,"minecraft:anvil":1,"minecraft:packed_ice":1,"minecraft:oak_stairs":2,"minecraft:chain":1,"minecraft:warped_stairs":1,"minecraft:cornflower":3,"minecraft:string":125,"minecraft:acacia_door":1,"minecraft:smooth_stone_slab":3,"minecraft:armor_stand":5,"minecraft:white_carpet":5,"minecraft:gold_nugget":1,"minecraft:spruce_planks":1,"minecraft:light_weighted_pressure_plate":3,"minecraft:redstone_torch":2,"minecraft:rose_bush":1,"minecraft:spruce_slab":2,"minecraft:piston":1,"minecraft:egg":5,"minecraft:stick":134,"minecraft:beehive":1,"minecraft:jungle_door":1,"minecraft:oak_fence":3,"minecraft:torch":37,"minecraft:spruce_stairs":1,"minecraft:spruce_fence":1,"minecraft:stone_button":1,"minecraft:dirt_path":1,"minecraft:redstone":15,"minecraft:black_dye":1,"minecraft:arrow":1,"minecraft:lime_carpet":9,"minecraft:rotten_flesh":8,"minecraft:peony":2,"minecraft:yellow_terracotta":1,"minecraft:gold_ingot":3,"minecraft:glow_berries":1,"minecraft:mutton":12,"minecraft:snowball":28,"minecraft:white_wool":13,"minecraft:lilac":1,"minecraft:repeater":2,"minecraft:warped_fungus_on_a_stick":1,"minecraft:leather":104,"minecraft:yellow_dye":1,"minecraft:carrot_on_a_stick":1,"minecraft:yellow_bed":1,"minecraft:gunpowder":255,"minecraft:cobblestone_stairs":2,"minecraft:dirt":1,"minecraft:paper":448,"minecraft:lantern":3,"minecraft:podzol":1,"minecraft:bone":3,"minecraft:stone_bricks":1,"minecraft:wheat_seeds":29,"minecraft:dark_oak_sign":1,"minecraft:oak_planks":9,"minecraft:pitcher_pod":1,"minecraft:flowering_azalea":1,"minecraft:music_disc_chirp":3,"minecraft:glow_lichen":1,"minecraft:chiseled_polished_blackstone":1,"minecraft:dandelion":3,"minecraft:raw_iron_block":1,"minecraft:torchflower_seeds":1,"minecraft:stripped_spruce_log":1,"minecraft:spruce_sapling":10,"minecraft:spruce_log":1,"minecraft:grass_block":2,"minecraft:spruce_door":7,"minecraft:music_disc_mall":1,"minecraft:firework_rocket":288,"minecraft:dispenser":1,"minecraft:painting":2,"minecraft:bone_meal":1,"minecraft:blue_banner":3,"minecraft:hopper":1,"minecraft:ender_pearl":1},"minecraft:crafted":{"minecraft:firework_star":66,"minecraft:warped_fungus_on_a_stick":1,"minecraft:armor_stand":1,"minecraft:carrot_on_a_stick":2,"minecraft:firework_rocket":384},"minecraft:used":{"minecraft:azalea":1,"minecraft:oak_trapdoor":48,"minecraft:peony":34,"minecraft:oak_fence":157,"minecraft:orange_dye":1,"minecraft:nether_brick_fence":13,"minecraft:cherry_sapling":1,"minecraft:netherite_sword":13,"minecraft:writable_book":1,"minecraft:rose_bush":29,"minecraft:iron_bars":3,"minecraft:dispenser":18,"minecraft:white_tulip":1,"minecraft:dead_bush":1,"minecraft:flint_and_steel":2,"minecraft:spruce_slab":770,"minecraft:carrot_on_a_stick":10,"minecraft:redstone":156,"minecraft:armor_stand":11,"minecraft:stone_shovel":143,"minecraft:pufferfish_spawn_egg":2,"minecraft:polished_blackstone":53,"minecraft:ladder":5,"minecraft:poppy":1,"minecraft:oak_sign":9,"minecraft:decorated_pot":2,"minecraft:chest":13,"minecraft:spruce_planks":384,"minecraft:donkey_spawn_egg":1,"minecraft:tinted_glass":25,"minecraft:stone":192,"minecraft:iron_sword":50,"minecraft:nether_wart":1,"minecraft:warped_sign":1,"minecraft:bubble_coral":1,"minecraft:player_head":2,"minecraft:tube_coral":1,"minecraft:green_terracotta":18,"minecraft:oak_door":1,"minecraft:torch":609,"minecraft:bee_spawn_egg":7,"minecraft:brewing_stand":2,"minecraft:dirt":1023,"minecraft:soul_sand":1,"minecraft:anvil":9,"minecraft:cocoa_beans":1,"minecraft:white_carpet":27,"minecraft:hopper":4,"minecraft:blue_stained_glass":12,"minecraft:spruce_stairs":193,"minecraft:cobblestone_wall":8,"minecraft:allium":2,"minecraft:warped_door":1,"minecraft:yellow_carpet":1,"minecraft:acacia_sapling":1,"minecraft:raw_iron_block":1,"minecraft:glow_lichen":61,"minecraft:beehive":3,"minecraft:spruce_fence":256,"minecraft:azure_bluet":20,"minecraft:mud_brick_stairs":123,"minecraft:oak_fence_gate":7,"minecraft:stripped_spruce_log":117,"minecraft:fern":1,"minecraft:big_dripleaf":1,"minecraft:glass":255,"minecraft:jungle_sapling":2,"minecraft:packed_ice":293,"minecraft:flowering_azalea":2,"minecraft:grass_block":1972,"minecraft:netherite_shovel":109,"minecraft:bamboo_fence":4,"minecraft:red_wool":35,"minecraft:bookshelf":1,"minecraft:red_tulip":3,"minecraft:villager_spawn_egg":14,"minecraft:oak_stairs":143,"minecraft:light_weighted_pressure_plate":12,"minecraft:yellow_stained_glass":5,"minecraft:lantern":48,"minecraft:blue_orchid":2,"minecraft:rooted_dirt":4,"minecraft:quartz_block":130,"minecraft:jungle_log":2,"minecraft:cherry_leaves":2,"minecraft:tropical_fish_spawn_egg":27,"minecraft:crimson_roots":2,"minecraft:mud_bricks":29,"minecraft:stone_bricks":1160,"minecraft:barrel":25,"minecraft:blue_banner":23,"minecraft:item_frame":7,"minecraft:bamboo":8,"minecraft:repeater":16,"minecraft:tripwire_hook":1,"minecraft:birch_button":3,"minecraft:red_carpet":18,"minecraft:sniffer_spawn_egg":1,"minecraft:warped_stairs":2,"minecraft:horn_coral":1,"minecraft:warped_fungus":1,"minecraft:tall_grass":6,"minecraft:sweet_berries":2,"minecraft:pitcher_plant":1,"minecraft:oak_sapling":2,"minecraft:lime_stained_glass":7,"minecraft:salmon_spawn_egg":2,"minecraft:podzol":5,"minecraft:skeleton_skull":2,"minecraft:cyan_banner":2,"minecraft:egg":9,"minecraft:fire_coral_fan":1,"minecraft:observer":26,"minecraft:seagrass":38,"minecraft:large_fern":4,"minecraft:hanging_roots":5,"minecraft:dark_oak_sapling":1,"minecraft:crimson_hanging_sign":15,"minecraft:short_grass":5,"minecraft:chiseled_polished_blackstone":4,"minecraft:dark_oak_stairs":8,"minecraft:water_bucket":117,"minecraft:mossy_stone_bricks":6,"minecraft:torchflower":4,"minecraft:pink_tulip":1,"minecraft:cobblestone_stairs":345,"minecraft:spruce_door":6,"minecraft:dropper":1,"minecraft:dirt_path":576,"minecraft:warped_fungus_on_a_stick":4,"minecraft:wither_skeleton_skull":1,"minecraft:dark_oak_sign":10,"minecraft:gray_carpet":1,"minecraft:lime_wool":266,"minecraft:oak_planks":199,"minecraft:orange_tulip":1,"minecraft:blue_wool":214,"minecraft:cactus":1,"minecraft:iron_golem_spawn_egg":1,"minecraft:sandstone":6,"minecraft:composter":10,"minecraft:brown_mushroom":1,"minecraft:spruce_sign":4,"minecraft:cauldron":2,"minecraft:glow_ink_sac":14,"minecraft:parrot_spawn_egg":1,"minecraft:cobblestone_slab":19,"minecraft:sugar_cane":4,"minecraft:spruce_fence_gate":11,"minecraft:deepslate_bricks":1,"minecraft:warped_roots":1,"minecraft:polished_blackstone_bricks":63,"minecraft:oak_leaves":2,"minecraft:white_wool":153,"minecraft:glow_item_frame":3,"minecraft:sand":139,"minecraft:orange_carpet":1,"minecraft:lime_terracotta":1157,"minecraft:yellow_terracotta":7,"minecraft:vine":16,"minecraft:oak_slab":109,"minecraft:crafting_table":13,"minecraft:loom":2,"minecraft:red_mushroom":1,"minecraft:white_bed":5,"minecraft:campfire":1,"minecraft:note_block":4,"minecraft:stone_brick_wall":9,"minecraft:painting":120,"minecraft:spruce_log":64,"minecraft:smoker":6,"minecraft:warped_planks":9,"minecraft:bat_spawn_egg":6,"minecraft:oak_log":190,"minecraft:birch_fence":4,"minecraft:redstone_torch":80,"minecraft:purple_stained_glass":2,"minecraft:sticky_piston":8,"minecraft:piston":10,"minecraft:flower_pot":4,"minecraft:lever":3,"minecraft:yellow_dye":13,"minecraft:warped_trapdoor":18,"minecraft:oxeye_daisy":4,"minecraft:crying_obsidian":12,"minecraft:sunflower":3,"minecraft:acacia_door":11,"minecraft:heavy_weighted_pressure_plate":3,"minecraft:command_block":45,"minecraft:lime_carpet":20,"minecraft:cracked_polished_blackstone_bricks":1,"minecraft:mangrove_propagule":2,"minecraft:oak_button":2,"minecraft:string":17,"minecraft:warped_slab":18,"minecraft:stone_button":7,"minecraft:spore_blossom":11,"minecraft:lectern":1,"minecraft:spruce_trapdoor":40,"minecraft:spruce_sapling":2,"minecraft:gravel":4,"minecraft:flowering_azalea_leaves":90,"minecraft:lilac":10,"minecraft:soul_lantern":6,"minecraft:blackstone_slab":1,"minecraft:crimson_sign":2,"minecraft:green_carpet":4,"minecraft:pink_petals":58,"minecraft:crimson_fungus":1,"minecraft:cobblestone":75,"minecraft:azalea_leaves":168,"minecraft:purple_bed":1,"minecraft:smithing_table":2,"minecraft:bucket":1,"minecraft:jungle_door":4,"minecraft:red_banner":7,"minecraft:chain":98,"minecraft:glass_pane":19,"minecraft:gray_wool":12,"minecraft:yellow_bed":1,"minecraft:polished_blackstone_button":1,"minecraft:wither_rose":4,"minecraft:sea_pickle":3,"minecraft:jukebox":2,"minecraft:stripped_oak_log":156,"minecraft:oak_hanging_sign":4,"minecraft:kelp":9,"minecraft:gray_stained_glass":42,"minecraft:dandelion":2,"minecraft:purple_wool":29,"minecraft:bone_meal":26,"minecraft:candle":3}},"DataVersion":3955}