{"stats":{"minecraft:killed":{"minecraft:sheep":3,"minecraft:zombie":4,"minecraft:zombie_villager":1,"minecraft:creeper":1},"minecraft:picked_up":{"minecraft:stick":1,"minecraft:crafting_table":1,"minecraft:azure_bluet":9,"minecraft:warped_fungus_on_a_stick":1,"minecraft:leather":56,"minecraft:dandelion":1,"minecraft:torch":7,"minecraft:carrot_on_a_stick":1,"minecraft:raw_iron_block":1,"minecraft:spruce_sapling":2,"minecraft:gunpowder":1,"minecraft:spruce_door":1,"minecraft:string":63,"minecraft:smooth_stone_slab":1,"minecraft:armor_stand":4,"minecraft:rotten_flesh":2,"minecraft:wheat_seeds":4,"minecraft:gold_ingot":1,"minecraft:mutton":4,"minecraft:white_wool":3,"minecraft:egg":1},"minecraft:used":{"minecraft:oak_fence":6,"minecraft:dirt_path":301,"minecraft:cobblestone_stairs":165,"minecraft:warped_fungus_on_a_stick":4,"minecraft:spruce_door":1,"minecraft:armor_stand":3,"minecraft:grass_block":892,"minecraft:oak_stairs":1,"minecraft:carrot_on_a_stick":10,"minecraft:oak_sign":1,"minecraft:stone":6,"minecraft:iron_sword":30,"minecraft:torch":252,"minecraft:dirt":57,"minecraft:anvil":1,"minecraft:crafting_table":5,"minecraft:raw_iron_block":1,"minecraft:egg":9,"minecraft:stripped_oak_log":1,"minecraft:painting":23},"minecraft:custom":{"minecraft:time_since_rest":56480,"minecraft:sprint_one_cm":31217,"minecraft:walk_one_cm":138230,"minecraft:interact_with_anvil":1,"minecraft:mob_kills":9,"minecraft:drop":1,"minecraft:damage_dealt":1450,"minecraft:talked_to_villager":2,"minecraft:interact_with_crafting_table":6,"minecraft:fly_one_cm":599638,"minecraft:open_chest":4,"minecraft:crouch_one_cm":273,"minecraft:play_time":71980,"minecraft:deaths":1,"minecraft:sneak_time":1500,"minecraft:walk_under_water_one_cm":2220,"minecraft:jump":180,"minecraft:walk_on_water_one_cm":1182,"minecraft:time_since_death":56458,"minecraft:total_world_time":71980},"minecraft:crafted":{"minecraft:warped_fungus_on_a_stick":1,"minecraft:armor_stand":1,"minecraft:carrot_on_a_stick":1},"minecraft:dropped":{"minecraft:torch":1}},"DataVersion":3955}