{"stats":{"minecraft:picked_up":{"minecraft:poppy":1,"minecraft:glowstone_dust":16,"minecraft:cobblestone_stairs":1,"minecraft:cobblestone":4,"minecraft:bricks":11,"minecraft:dirt":35,"minecraft:music_disc_chirp":3},"minecraft:custom":{"minecraft:open_barrel":2,"minecraft:time_since_rest":35083,"minecraft:open_chest":11,"minecraft:crouch_one_cm":136,"minecraft:play_time":35083,"minecraft:sprint_one_cm":102387,"minecraft:walk_one_cm":79111,"minecraft:sneak_time":872,"minecraft:mob_kills":5,"minecraft:drop":3,"minecraft:jump":281,"minecraft:damage_dealt":10,"minecraft:leave_game":1,"minecraft:play_record":4,"minecraft:walk_on_water_one_cm":221,"minecraft:time_since_death":35083,"minecraft:climb_one_cm":1464,"minecraft:total_world_time":35083,"minecraft:talked_to_villager":2,"minecraft:interact_with_crafting_table":1,"minecraft:fly_one_cm":657675,"minecraft:horse_one_cm":2346},"minecraft:killed":{"minecraft:silverfish":1,"minecraft:villager":4},"minecraft:used":{"minecraft:writable_book":1,"minecraft:dirt":2,"minecraft:cobblestone":3,"minecraft:dirt_path":19,"minecraft:flint_and_steel":1,"minecraft:tnt":11,"minecraft:hopper":2,"minecraft:grass_block":15,"minecraft:oak_planks":3,"minecraft:stripped_oak_log":15,"minecraft:iron_door":1,"minecraft:jukebox":1,"minecraft:dark_oak_door":1},"minecraft:dropped":{"minecraft:cobblestone":1,"minecraft:writable_book":1,"minecraft:dirt_path":1}},"DataVersion":3955}