{"stats":{"minecraft:picked_up":{"minecraft:music_disc_chirp":1},"minecraft:custom":{"minecraft:jump":43,"minecraft:open_chest":8,"minecraft:time_since_rest":5983,"minecraft:play_record":2,"minecraft:sprint_one_cm":17967,"minecraft:play_time":5983,"minecraft:time_since_death":5983,"minecraft:walk_one_cm":20921,"minecraft:sneak_time":40,"minecraft:total_world_time":5983,"minecraft:talked_to_villager":1,"minecraft:drop":1,"minecraft:fly_one_cm":110933,"minecraft:open_barrel":2},"minecraft:used":{"minecraft:writable_book":1},"minecraft:dropped":{"minecraft:writable_book":1}},"DataVersion":3955}