{"stats":{"minecraft:killed":{"minecraft:zombie_villager":2,"minecraft:creeper":1,"minecraft:sheep":3,"minecraft:zombie":7},"minecraft:used":{"minecraft:oak_trapdoor":1,"minecraft:peony":32,"minecraft:oak_fence":30,"minecraft:rose_bush":27,"minecraft:armor_stand":11,"minecraft:spruce_slab":280,"minecraft:dispenser":2,"minecraft:polished_blackstone":53,"minecraft:carrot_on_a_stick":10,"minecraft:ladder":5,"minecraft:oak_sign":1,"minecraft:chest":7,"minecraft:spruce_planks":218,"minecraft:donkey_spawn_egg":1,"minecraft:stone":185,"minecraft:iron_sword":50,"minecraft:warped_sign":1,"minecraft:player_head":2,"minecraft:oak_door":1,"minecraft:torch":289,"minecraft:dirt":345,"minecraft:anvil":7,"minecraft:hopper":3,"minecraft:spruce_stairs":55,"minecraft:raw_iron_block":1,"minecraft:glow_lichen":4,"minecraft:spruce_fence":137,"minecraft:azure_bluet":18,"minecraft:red_tulip":2,"minecraft:bookshelf":1,"minecraft:villager_spawn_egg":14,"minecraft:red_wool":4,"minecraft:lantern":5,"minecraft:grass_block":1721,"minecraft:oak_stairs":12,"minecraft:rooted_dirt":4,"minecraft:barrel":19,"minecraft:stone_bricks":1156,"minecraft:item_frame":2,"minecraft:birch_button":3,"minecraft:tripwire_hook":1,"minecraft:red_carpet":13,"minecraft:warped_stairs":2,"minecraft:tall_grass":1,"minecraft:podzol":3,"minecraft:cyan_banner":2,"minecraft:egg":9,"minecraft:observer":5,"minecraft:short_grass":5,"minecraft:chiseled_polished_blackstone":4,"minecraft:dark_oak_stairs":8,"minecraft:mossy_stone_bricks":6,"minecraft:cobblestone_stairs":290,"minecraft:torchflower":2,"minecraft:dirt_path":464,"minecraft:spruce_door":5,"minecraft:warped_fungus_on_a_stick":4,"minecraft:dropper":1,"minecraft:gray_carpet":1,"minecraft:dark_oak_sign":10,"minecraft:oak_planks":53,"minecraft:composter":7,"minecraft:glow_ink_sac":10,"minecraft:deepslate_bricks":1,"minecraft:polished_blackstone_bricks":63,"minecraft:white_wool":7,"minecraft:glow_item_frame":1,"minecraft:vine":8,"minecraft:yellow_terracotta":7,"minecraft:oak_slab":9,"minecraft:crafting_table":11,"minecraft:loom":2,"minecraft:note_block":2,"minecraft:stone_brick_wall":4,"minecraft:painting":39,"minecraft:spruce_log":35,"minecraft:smoker":6,"minecraft:warped_planks":9,"minecraft:redstone_torch":23,"minecraft:oak_log":58,"minecraft:piston":10,"minecraft:lever":1,"minecraft:yellow_dye":9,"minecraft:flower_pot":1,"minecraft:warped_trapdoor":12,"minecraft:command_block":42,"minecraft:cracked_polished_blackstone_bricks":1,"minecraft:string":1,"minecraft:oak_button":2,"minecraft:warped_slab":2,"minecraft:stone_button":5,"minecraft:lectern":1,"minecraft:spruce_trapdoor":17,"minecraft:gravel":4,"minecraft:flowering_azalea_leaves":10,"minecraft:lilac":9,"minecraft:blackstone_slab":1,"minecraft:pink_petals":11,"minecraft:green_carpet":4,"minecraft:cobblestone":63,"minecraft:azalea_leaves":109,"minecraft:smithing_table":2,"minecraft:jungle_door":2,"minecraft:chain":9,"minecraft:glass_pane":5,"minecraft:yellow_bed":1,"minecraft:stripped_oak_log":27,"minecraft:bone_meal":16,"minecraft:jukebox":1,"minecraft:gray_stained_glass":42},"minecraft:picked_up":{"minecraft:crafting_table":2,"minecraft:azure_bluet":51,"minecraft:anvil":1,"minecraft:oak_stairs":2,"minecraft:chain":1,"minecraft:warped_stairs":1,"minecraft:cornflower":3,"minecraft:string":125,"minecraft:smooth_stone_slab":3,"minecraft:armor_stand":5,"minecraft:spruce_planks":1,"minecraft:rose_bush":1,"minecraft:redstone_torch":1,"minecraft:spruce_slab":1,"minecraft:piston":1,"minecraft:egg":4,"minecraft:stick":134,"minecraft:oak_fence":2,"minecraft:torch":28,"minecraft:spruce_fence":1,"minecraft:spruce_stairs":1,"minecraft:stone_button":1,"minecraft:dirt_path":1,"minecraft:rotten_flesh":6,"minecraft:peony":2,"minecraft:yellow_terracotta":1,"minecraft:gold_ingot":3,"minecraft:glow_berries":1,"minecraft:mutton":12,"minecraft:white_wool":11,"minecraft:lilac":1,"minecraft:warped_fungus_on_a_stick":1,"minecraft:leather":104,"minecraft:carrot_on_a_stick":1,"minecraft:yellow_bed":1,"minecraft:cobblestone_stairs":2,"minecraft:gunpowder":3,"minecraft:dirt":1,"minecraft:lantern":3,"minecraft:podzol":1,"minecraft:stone_bricks":1,"minecraft:wheat_seeds":28,"minecraft:dark_oak_sign":1,"minecraft:music_disc_chirp":3,"minecraft:glow_lichen":1,"minecraft:chiseled_polished_blackstone":1,"minecraft:dandelion":3,"minecraft:raw_iron_block":1,"minecraft:torchflower_seeds":1,"minecraft:stripped_spruce_log":1,"minecraft:spruce_sapling":10,"minecraft:spruce_log":1,"minecraft:grass_block":2,"minecraft:spruce_door":7,"minecraft:music_disc_mall":1,"minecraft:painting":2,"minecraft:hopper":1},"minecraft:killed_by":{"minecraft:player":2},"minecraft:crafted":{"minecraft:warped_fungus_on_a_stick":1,"minecraft:armor_stand":1,"minecraft:carrot_on_a_stick":2},"minecraft:custom":{"minecraft:interact_with_anvil":9,"minecraft:mob_kills":13,"minecraft:inspect_hopper":7,"minecraft:interact_with_crafting_table":7,"minecraft:open_barrel":7,"minecraft:leave_game":6,"minecraft:time_since_death":105671,"minecraft:climb_one_cm":2985,"minecraft:sprint_one_cm":126351,"minecraft:walk_one_cm":544322,"minecraft:drop":4,"minecraft:talked_to_villager":2,"minecraft:play_time":361054,"minecraft:deaths":3,"minecraft:sneak_time":6336,"minecraft:walk_under_water_one_cm":2220,"minecraft:jump":724,"minecraft:walk_on_water_one_cm":1229,"minecraft:total_world_time":361054,"minecraft:play_record":10,"minecraft:tune_noteblock":1,"minecraft:interact_with_loom":2,"minecraft:pot_flower":1,"minecraft:sleep_in_bed":4,"minecraft:time_since_rest":105698,"minecraft:damage_taken":726,"minecraft:damage_dealt":2294,"minecraft:fly_one_cm":1561334,"minecraft:open_chest":16,"minecraft:crouch_one_cm":2077,"minecraft:interact_with_smoker":2,"minecraft:fall_one_cm":2372,"minecraft:inspect_dispenser":4,"minecraft:horse_one_cm":27803},"minecraft:dropped":{"minecraft:grass_block":1,"minecraft:stick":1,"minecraft:torch":1,"minecraft:chiseled_polished_blackstone":1}},"DataVersion":3955}