{"stats":{"minecraft:used":{"minecraft:raw_iron_block":1,"minecraft:crafting_table":1,"minecraft:armor_stand":3},"minecraft:custom":{"minecraft:jump":18,"minecraft:time_since_rest":5980,"minecraft:walk_on_water_one_cm":208,"minecraft:sprint_one_cm":1477,"minecraft:play_time":5980,"minecraft:time_since_death":5980,"minecraft:walk_one_cm":4045,"minecraft:sneak_time":38,"minecraft:total_world_time":5980,"minecraft:interact_with_crafting_table":1,"minecraft:fly_one_cm":5877},"minecraft:crafted":{"minecraft:armor_stand":1}},"DataVersion":3955}