{"stats":{"minecraft:killed":{"minecraft:zombie_villager":2,"minecraft:creeper":1,"minecraft:sheep":3,"minecraft:zombie":7},"minecraft:picked_up":{"minecraft:crafting_table":2,"minecraft:azure_bluet":34,"minecraft:warped_fungus_on_a_stick":1,"minecraft:anvil":1,"minecraft:leather":104,"minecraft:carrot_on_a_stick":1,"minecraft:oak_stairs":1,"minecraft:gunpowder":2,"minecraft:cobblestone_stairs":1,"minecraft:cornflower":2,"minecraft:string":125,"minecraft:dirt":1,"minecraft:smooth_stone_slab":2,"minecraft:armor_stand":4,"minecraft:stone_bricks":1,"minecraft:wheat_seeds":18,"minecraft:spruce_planks":1,"minecraft:spruce_slab":1,"minecraft:egg":2,"minecraft:stick":69,"minecraft:oak_fence":1,"minecraft:spruce_stairs":1,"minecraft:torch":18,"minecraft:dandelion":2,"minecraft:raw_iron_block":1,"minecraft:spruce_fence":1,"minecraft:stripped_spruce_log":1,"minecraft:spruce_sapling":10,"minecraft:grass_block":1,"minecraft:spruce_log":1,"minecraft:dirt_path":1,"minecraft:spruce_door":3,"minecraft:rotten_flesh":4,"minecraft:painting":1,"minecraft:gold_ingot":2,"minecraft:mutton":8,"minecraft:white_wool":7},"minecraft:used":{"minecraft:oak_fence":9,"minecraft:cobblestone_stairs":286,"minecraft:dirt_path":447,"minecraft:warped_fungus_on_a_stick":4,"minecraft:spruce_door":5,"minecraft:armor_stand":3,"minecraft:spruce_slab":221,"minecraft:carrot_on_a_stick":10,"minecraft:oak_sign":1,"minecraft:spruce_planks":23,"minecraft:donkey_spawn_egg":1,"minecraft:iron_sword":50,"minecraft:stone":7,"minecraft:torch":280,"minecraft:dirt":217,"minecraft:anvil":4,"minecraft:crafting_table":6,"minecraft:spruce_stairs":1,"minecraft:raw_iron_block":1,"minecraft:painting":23,"minecraft:spruce_fence":35,"minecraft:spruce_log":34,"minecraft:oak_stairs":1,"minecraft:grass_block":1312,"minecraft:stone_bricks":1061,"minecraft:cobblestone":22,"minecraft:egg":9,"minecraft:stripped_oak_log":1},"minecraft:custom":{"minecraft:mob_kills":13,"minecraft:interact_with_anvil":6,"minecraft:interact_with_crafting_table":7,"minecraft:leave_game":3,"minecraft:time_since_death":3909,"minecraft:time_since_rest":3937,"minecraft:sprint_one_cm":48275,"minecraft:damage_taken":295,"minecraft:walk_one_cm":230275,"minecraft:drop":2,"minecraft:damage_dealt":2294,"minecraft:talked_to_villager":2,"minecraft:fly_one_cm":880431,"minecraft:open_chest":4,"minecraft:crouch_one_cm":662,"minecraft:play_time":130123,"minecraft:deaths":2,"minecraft:sneak_time":3114,"minecraft:walk_under_water_one_cm":2220,"minecraft:jump":338,"minecraft:walk_on_water_one_cm":1182,"minecraft:total_world_time":130123,"minecraft:fall_one_cm":2103,"minecraft:horse_one_cm":27803},"minecraft:crafted":{"minecraft:warped_fungus_on_a_stick":1,"minecraft:armor_stand":1,"minecraft:carrot_on_a_stick":2},"minecraft:dropped":{"minecraft:stick":1,"minecraft:torch":1},"minecraft:killed_by":{"minecraft:player":1}},"DataVersion":3955}