{"stats":{"minecraft:killed_by":{"minecraft:player":7},"minecraft:custom":{"minecraft:time_since_rest":3720,"minecraft:crouch_one_cm":132,"minecraft:play_time":16658,"minecraft:sprint_one_cm":46302,"minecraft:walk_one_cm":47286,"minecraft:damage_taken":2757,"minecraft:deaths":10,"minecraft:sneak_time":119,"minecraft:mob_kills":2,"minecraft:drop":1,"minecraft:jump":214,"minecraft:damage_dealt":674,"minecraft:leave_game":1,"minecraft:time_since_death":3692,"minecraft:total_world_time":16658,"minecraft:fall_one_cm":18345,"minecraft:fly_one_cm":38393,"minecraft:player_kills":3},"minecraft:dropped":{"minecraft:light_gray_wool":1},"minecraft:picked_up":{"minecraft:pink_petals":6,"minecraft:leather":2,"minecraft:beef":2,"minecraft:mace":7,"minecraft:poppy":3,"minecraft:light_gray_wool":2,"minecraft:wind_charge":47,"minecraft:dirt":12},"minecraft:killed":{"minecraft:skeleton":1,"minecraft:cow":1},"minecraft:used":{"minecraft:light_gray_wool":1,"minecraft:dirt":11,"minecraft:mace":35,"minecraft:wind_charge":71,"minecraft:crafter":2},"minecraft:mined":{"minecraft:pink_petals":2,"minecraft:short_grass":2,"minecraft:poppy":2,"minecraft:grass_block":1,"minecraft:dirt":10,"minecraft:powder_snow":28,"minecraft:oak_leaves":6}},"DataVersion":3955}