{"stats":{"minecraft:killed":{"minecraft:sheep":3},"minecraft:picked_up":{"minecraft:crafting_table":1,"minecraft:azure_bluet":4,"minecraft:warped_fungus_on_a_stick":1,"minecraft:leather":56,"minecraft:carrot_on_a_stick":1,"minecraft:raw_iron_block":1,"minecraft:spruce_door":1,"minecraft:string":63,"minecraft:smooth_stone_slab":1,"minecraft:armor_stand":4,"minecraft:wheat_seeds":3,"minecraft:gold_ingot":1,"minecraft:mutton":4,"minecraft:white_wool":3},"minecraft:used":{"minecraft:dirt_path":124,"minecraft:cobblestone_stairs":83,"minecraft:warped_fungus_on_a_stick":4,"minecraft:spruce_door":1,"minecraft:armor_stand":3,"minecraft:grass_block":352,"minecraft:oak_stairs":1,"minecraft:carrot_on_a_stick":10,"minecraft:oak_sign":1,"minecraft:iron_sword":6,"minecraft:torch":59,"minecraft:dirt":57,"minecraft:anvil":1,"minecraft:crafting_table":5,"minecraft:raw_iron_block":1,"minecraft:egg":9,"minecraft:stripped_oak_log":1,"minecraft:painting":23},"minecraft:custom":{"minecraft:time_since_rest":32480,"minecraft:sprint_one_cm":19818,"minecraft:walk_one_cm":75903,"minecraft:interact_with_anvil":1,"minecraft:mob_kills":3,"minecraft:damage_dealt":250,"minecraft:talked_to_villager":2,"minecraft:interact_with_crafting_table":6,"minecraft:fly_one_cm":457602,"minecraft:open_chest":4,"minecraft:crouch_one_cm":162,"minecraft:play_time":47980,"minecraft:deaths":1,"minecraft:sneak_time":810,"minecraft:walk_under_water_one_cm":2220,"minecraft:jump":106,"minecraft:walk_on_water_one_cm":1140,"minecraft:time_since_death":32458,"minecraft:total_world_time":47980},"minecraft:crafted":{"minecraft:warped_fungus_on_a_stick":1,"minecraft:armor_stand":1,"minecraft:carrot_on_a_stick":1}},"DataVersion":3955}