{"stats":{"minecraft:killed":{"minecraft:sheep":3},"minecraft:picked_up":{"minecraft:smooth_stone_slab":1,"minecraft:crafting_table":1,"minecraft:armor_stand":4,"minecraft:warped_fungus_on_a_stick":1,"minecraft:leather":56,"minecraft:carrot_on_a_stick":1,"minecraft:raw_iron_block":1,"minecraft:gold_ingot":1,"minecraft:mutton":4,"minecraft:white_wool":3,"minecraft:spruce_door":1,"minecraft:string":63},"minecraft:used":{"minecraft:anvil":1,"minecraft:spruce_door":1,"minecraft:warped_fungus_on_a_stick":4,"minecraft:crafting_table":5,"minecraft:armor_stand":3,"minecraft:carrot_on_a_stick":10,"minecraft:oak_sign":1,"minecraft:egg":1,"minecraft:raw_iron_block":1,"minecraft:stripped_oak_log":1,"minecraft:painting":23,"minecraft:iron_sword":6},"minecraft:custom":{"minecraft:time_since_rest":14480,"minecraft:open_chest":4,"minecraft:crouch_one_cm":98,"minecraft:play_time":29980,"minecraft:sprint_one_cm":8481,"minecraft:walk_one_cm":36365,"minecraft:deaths":1,"minecraft:sneak_time":318,"minecraft:mob_kills":3,"minecraft:interact_with_anvil":1,"minecraft:walk_under_water_one_cm":2220,"minecraft:jump":66,"minecraft:damage_dealt":240,"minecraft:time_since_death":14458,"minecraft:walk_on_water_one_cm":562,"minecraft:total_world_time":29980,"minecraft:interact_with_crafting_table":6,"minecraft:talked_to_villager":2,"minecraft:fly_one_cm":398202},"minecraft:crafted":{"minecraft:armor_stand":1,"minecraft:warped_fungus_on_a_stick":1,"minecraft:carrot_on_a_stick":1}},"DataVersion":3955}