{"stats":{"minecraft:custom":{"minecraft:jump":124,"minecraft:time_since_rest":2847,"minecraft:crouch_one_cm":89,"minecraft:damage_dealt":78,"minecraft:deaths":1,"minecraft:sprint_one_cm":21501,"minecraft:play_time":5983,"minecraft:damage_taken":454,"minecraft:time_since_death":2816,"minecraft:walk_one_cm":16390,"minecraft:sneak_time":106,"minecraft:total_world_time":5983,"minecraft:fall_one_cm":12131,"minecraft:fly_one_cm":23109},"minecraft:picked_up":{"minecraft:pink_petals":6,"minecraft:dirt":8},"minecraft:used":{"minecraft:dirt":8,"minecraft:wind_charge":35},"minecraft:mined":{"minecraft:pink_petals":2,"minecraft:grass_block":1,"minecraft:powder_snow":28,"minecraft:dirt":7}},"DataVersion":3955}