{"stats":{"minecraft:custom":{"minecraft:interact_with_anvil":9,"minecraft:mob_kills":17,"minecraft:inspect_hopper":7,"minecraft:interact_with_crafting_table":11,"minecraft:open_barrel":8,"minecraft:leave_game":11,"minecraft:time_since_death":373601,"minecraft:climb_one_cm":3987,"minecraft:sprint_one_cm":310642,"minecraft:walk_one_cm":1043254,"minecraft:drop":57,"minecraft:talked_to_villager":4,"minecraft:play_time":628984,"minecraft:deaths":3,"minecraft:sneak_time":8996,"minecraft:walk_under_water_one_cm":13712,"minecraft:jump":1278,"minecraft:walk_on_water_one_cm":18433,"minecraft:total_world_time":628984,"minecraft:play_record":10,"minecraft:tune_noteblock":1,"minecraft:interact_with_loom":2,"minecraft:pot_flower":2,"minecraft:sleep_in_bed":4,"minecraft:time_since_rest":373628,"minecraft:damage_taken":726,"minecraft:damage_dealt":3146,"minecraft:fly_one_cm":2445977,"minecraft:open_chest":18,"minecraft:crouch_one_cm":2705,"minecraft:interact_with_smoker":2,"minecraft:horse_one_cm":27803,"minecraft:fall_one_cm":2372,"minecraft:inspect_dispenser":25},"minecraft:picked_up":{"minecraft:crafting_table":2,"minecraft:firework_star":9,"minecraft:azure_bluet":51,"minecraft:anvil":1,"minecraft:packed_ice":1,"minecraft:oak_stairs":2,"minecraft:chain":1,"minecraft:warped_stairs":1,"minecraft:cornflower":3,"minecraft:string":125,"minecraft:acacia_door":1,"minecraft:smooth_stone_slab":3,"minecraft:white_carpet":5,"minecraft:armor_stand":5,"minecraft:spruce_planks":1,"minecraft:light_weighted_pressure_plate":2,"minecraft:rose_bush":1,"minecraft:redstone_torch":1,"minecraft:spruce_slab":2,"minecraft:piston":1,"minecraft:egg":5,"minecraft:stick":134,"minecraft:jungle_door":1,"minecraft:oak_fence":3,"minecraft:torch":34,"minecraft:spruce_stairs":1,"minecraft:spruce_fence":1,"minecraft:stone_button":1,"minecraft:dirt_path":1,"minecraft:redstone":2,"minecraft:rotten_flesh":8,"minecraft:peony":2,"minecraft:yellow_terracotta":1,"minecraft:gold_ingot":3,"minecraft:glow_berries":1,"minecraft:mutton":12,"minecraft:snowball":28,"minecraft:white_wool":13,"minecraft:lilac":1,"minecraft:warped_fungus_on_a_stick":1,"minecraft:leather":104,"minecraft:carrot_on_a_stick":1,"minecraft:yellow_bed":1,"minecraft:cobblestone_stairs":2,"minecraft:gunpowder":3,"minecraft:dirt":1,"minecraft:lantern":3,"minecraft:podzol":1,"minecraft:bone":1,"minecraft:stone_bricks":1,"minecraft:wheat_seeds":28,"minecraft:dark_oak_sign":1,"minecraft:oak_planks":9,"minecraft:flowering_azalea":1,"minecraft:music_disc_chirp":3,"minecraft:glow_lichen":1,"minecraft:chiseled_polished_blackstone":1,"minecraft:raw_iron_block":1,"minecraft:dandelion":3,"minecraft:torchflower_seeds":1,"minecraft:stripped_spruce_log":1,"minecraft:spruce_sapling":10,"minecraft:grass_block":2,"minecraft:spruce_log":1,"minecraft:spruce_door":7,"minecraft:music_disc_mall":1,"minecraft:firework_rocket":63,"minecraft:dispenser":1,"minecraft:painting":2,"minecraft:bone_meal":1,"minecraft:hopper":1,"minecraft:ender_pearl":1},"minecraft:killed_by":{"minecraft:player":2},"minecraft:killed":{"minecraft:skeleton":1,"minecraft:zombie_villager":2,"minecraft:creeper":1,"minecraft:sheep":3,"minecraft:zombie":9,"minecraft:enderman":1},"minecraft:dropped":{"minecraft:oak_fence":1,"minecraft:grass_block":1,"minecraft:stick":1,"minecraft:packed_ice":1,"minecraft:dispenser":1,"minecraft:torch":1,"minecraft:snowball":28,"minecraft:lime_carpet":1,"minecraft:white_wool":2,"minecraft:chiseled_polished_blackstone":1,"minecraft:oak_planks":9,"minecraft:firework_star":9,"minecraft:spruce_slab":1},"minecraft:crafted":{"minecraft:firework_star":64,"minecraft:warped_fungus_on_a_stick":1,"minecraft:armor_stand":1,"minecraft:carrot_on_a_stick":2},"minecraft:used":{"minecraft:oak_trapdoor":44,"minecraft:peony":32,"minecraft:oak_fence":104,"minecraft:orange_dye":1,"minecraft:netherite_sword":13,"minecraft:rose_bush":27,"minecraft:flint_and_steel":2,"minecraft:redstone":75,"minecraft:dispenser":12,"minecraft:pufferfish_spawn_egg":2,"minecraft:armor_stand":11,"minecraft:spruce_slab":467,"minecraft:polished_blackstone":53,"minecraft:carrot_on_a_stick":10,"minecraft:ladder":5,"minecraft:oak_sign":9,"minecraft:chest":9,"minecraft:spruce_planks":353,"minecraft:donkey_spawn_egg":1,"minecraft:stone":185,"minecraft:iron_sword":50,"minecraft:warped_sign":1,"minecraft:bubble_coral":1,"minecraft:player_head":2,"minecraft:tube_coral":1,"minecraft:green_terracotta":18,"minecraft:oak_door":1,"minecraft:torch":534,"minecraft:dirt":1010,"minecraft:anvil":7,"minecraft:white_carpet":27,"minecraft:hopper":4,"minecraft:spruce_stairs":137,"minecraft:cobblestone_wall":8,"minecraft:yellow_carpet":1,"minecraft:raw_iron_block":1,"minecraft:glow_lichen":4,"minecraft:spruce_fence":170,"minecraft:azure_bluet":18,"minecraft:mud_brick_stairs":119,"minecraft:oak_fence_gate":7,"minecraft:stripped_spruce_log":1,"minecraft:glass":33,"minecraft:packed_ice":272,"minecraft:flowering_azalea":1,"minecraft:netherite_shovel":109,"minecraft:bamboo_fence":4,"minecraft:bookshelf":1,"minecraft:lantern":39,"minecraft:red_tulip":2,"minecraft:villager_spawn_egg":14,"minecraft:grass_block":1929,"minecraft:red_wool":35,"minecraft:yellow_stained_glass":5,"minecraft:oak_stairs":136,"minecraft:light_weighted_pressure_plate":11,"minecraft:rooted_dirt":4,"minecraft:quartz_block":130,"minecraft:tropical_fish_spawn_egg":17,"minecraft:mud_bricks":29,"minecraft:barrel":19,"minecraft:stone_bricks":1156,"minecraft:item_frame":2,"minecraft:birch_button":3,"minecraft:tripwire_hook":1,"minecraft:repeater":6,"minecraft:red_carpet":18,"minecraft:warped_stairs":2,"minecraft:horn_coral":1,"minecraft:tall_grass":1,"minecraft:lime_stained_glass":7,"minecraft:salmon_spawn_egg":2,"minecraft:podzol":3,"minecraft:cyan_banner":2,"minecraft:egg":9,"minecraft:fire_coral_fan":1,"minecraft:observer":26,"minecraft:seagrass":38,"minecraft:short_grass":5,"minecraft:chiseled_polished_blackstone":4,"minecraft:dark_oak_stairs":8,"minecraft:mossy_stone_bricks":6,"minecraft:water_bucket":88,"minecraft:dirt_path":466,"minecraft:torchflower":2,"minecraft:cobblestone_stairs":334,"minecraft:warped_fungus_on_a_stick":4,"minecraft:spruce_door":5,"minecraft:dropper":1,"minecraft:dark_oak_sign":10,"minecraft:gray_carpet":1,"minecraft:lime_wool":266,"minecraft:oak_planks":167,"minecraft:sandstone":6,"minecraft:composter":10,"minecraft:cobblestone_slab":19,"minecraft:glow_ink_sac":14,"minecraft:spruce_fence_gate":7,"minecraft:deepslate_bricks":1,"minecraft:polished_blackstone_bricks":63,"minecraft:white_wool":153,"minecraft:glow_item_frame":1,"minecraft:yellow_terracotta":7,"minecraft:sand":136,"minecraft:orange_carpet":1,"minecraft:lime_terracotta":1109,"minecraft:vine":8,"minecraft:oak_slab":87,"minecraft:crafting_table":12,"minecraft:loom":2,"minecraft:white_bed":5,"minecraft:note_block":4,"minecraft:stone_brick_wall":4,"minecraft:painting":120,"minecraft:warped_planks":9,"minecraft:spruce_log":64,"minecraft:smoker":6,"minecraft:sticky_piston":8,"minecraft:birch_fence":4,"minecraft:redstone_torch":43,"minecraft:oak_log":190,"minecraft:piston":10,"minecraft:flower_pot":2,"minecraft:lever":1,"minecraft:yellow_dye":13,"minecraft:warped_trapdoor":12,"minecraft:acacia_door":11,"minecraft:cracked_polished_blackstone_bricks":1,"minecraft:command_block":42,"minecraft:lime_carpet":20,"minecraft:heavy_weighted_pressure_plate":3,"minecraft:oak_button":2,"minecraft:string":9,"minecraft:warped_slab":2,"minecraft:stone_button":5,"minecraft:spore_blossom":2,"minecraft:lectern":1,"minecraft:spruce_trapdoor":23,"minecraft:gravel":4,"minecraft:flowering_azalea_leaves":90,"minecraft:lilac":9,"minecraft:blackstone_slab":1,"minecraft:green_carpet":4,"minecraft:pink_petals":51,"minecraft:cobblestone":75,"minecraft:azalea_leaves":145,"minecraft:smithing_table":2,"minecraft:red_banner":6,"minecraft:jungle_door":4,"minecraft:chain":81,"minecraft:glass_pane":19,"minecraft:yellow_bed":1,"minecraft:sea_pickle":3,"minecraft:stripped_oak_log":126,"minecraft:kelp":9,"minecraft:oak_hanging_sign":4,"minecraft:jukebox":1,"minecraft:bone_meal":26,"minecraft:candle":3,"minecraft:gray_stained_glass":42}},"DataVersion":3955}