{"stats":{"minecraft:picked_up":{"minecraft:smooth_stone_slab":1,"minecraft:crafting_table":1,"minecraft:armor_stand":4,"minecraft:warped_fungus_on_a_stick":1,"minecraft:leather":56,"minecraft:carrot_on_a_stick":1,"minecraft:raw_iron_block":1,"minecraft:gold_ingot":1,"minecraft:spruce_door":1,"minecraft:string":63},"minecraft:used":{"minecraft:anvil":1,"minecraft:spruce_door":1,"minecraft:warped_fungus_on_a_stick":4,"minecraft:crafting_table":4,"minecraft:armor_stand":3,"minecraft:carrot_on_a_stick":10,"minecraft:raw_iron_block":1},"minecraft:custom":{"minecraft:time_since_rest":2480,"minecraft:open_chest":4,"minecraft:crouch_one_cm":98,"minecraft:play_time":17980,"minecraft:sprint_one_cm":6963,"minecraft:walk_one_cm":28064,"minecraft:deaths":1,"minecraft:sneak_time":318,"minecraft:interact_with_anvil":1,"minecraft:walk_under_water_one_cm":2220,"minecraft:jump":44,"minecraft:time_since_death":2458,"minecraft:walk_on_water_one_cm":562,"minecraft:total_world_time":17980,"minecraft:interact_with_crafting_table":5,"minecraft:talked_to_villager":2,"minecraft:fly_one_cm":374757},"minecraft:crafted":{"minecraft:armor_stand":1,"minecraft:warped_fungus_on_a_stick":1,"minecraft:carrot_on_a_stick":1}},"DataVersion":3955}