{"stats":{"minecraft:killed":{"minecraft:zombie_villager":2,"minecraft:creeper":1,"minecraft:sheep":3,"minecraft:zombie":9,"minecraft:enderman":1},"minecraft:used":{"minecraft:oak_trapdoor":26,"minecraft:peony":32,"minecraft:oak_fence":30,"minecraft:orange_dye":1,"minecraft:netherite_sword":11,"minecraft:rose_bush":27,"minecraft:flint_and_steel":2,"minecraft:dispenser":2,"minecraft:pufferfish_spawn_egg":2,"minecraft:armor_stand":11,"minecraft:spruce_slab":442,"minecraft:polished_blackstone":53,"minecraft:carrot_on_a_stick":10,"minecraft:ladder":5,"minecraft:oak_sign":1,"minecraft:chest":9,"minecraft:spruce_planks":311,"minecraft:donkey_spawn_egg":1,"minecraft:stone":185,"minecraft:iron_sword":50,"minecraft:warped_sign":1,"minecraft:bubble_coral":1,"minecraft:player_head":2,"minecraft:tube_coral":1,"minecraft:oak_door":1,"minecraft:torch":378,"minecraft:dirt":544,"minecraft:anvil":7,"minecraft:white_carpet":16,"minecraft:hopper":3,"minecraft:spruce_stairs":137,"minecraft:raw_iron_block":1,"minecraft:glow_lichen":4,"minecraft:spruce_fence":144,"minecraft:azure_bluet":18,"minecraft:glass":33,"minecraft:flowering_azalea":1,"minecraft:netherite_shovel":109,"minecraft:bookshelf":1,"minecraft:red_tulip":2,"minecraft:villager_spawn_egg":14,"minecraft:grass_block":1906,"minecraft:red_wool":4,"minecraft:lantern":11,"minecraft:oak_stairs":96,"minecraft:rooted_dirt":4,"minecraft:tropical_fish_spawn_egg":17,"minecraft:barrel":19,"minecraft:stone_bricks":1156,"minecraft:item_frame":2,"minecraft:birch_button":3,"minecraft:tripwire_hook":1,"minecraft:red_carpet":13,"minecraft:warped_stairs":2,"minecraft:horn_coral":1,"minecraft:tall_grass":1,"minecraft:salmon_spawn_egg":2,"minecraft:podzol":3,"minecraft:cyan_banner":2,"minecraft:egg":9,"minecraft:fire_coral_fan":1,"minecraft:observer":5,"minecraft:seagrass":38,"minecraft:short_grass":5,"minecraft:chiseled_polished_blackstone":4,"minecraft:dark_oak_stairs":8,"minecraft:mossy_stone_bricks":6,"minecraft:water_bucket":78,"minecraft:dirt_path":466,"minecraft:torchflower":2,"minecraft:cobblestone_stairs":311,"minecraft:warped_fungus_on_a_stick":4,"minecraft:spruce_door":5,"minecraft:dropper":1,"minecraft:dark_oak_sign":10,"minecraft:gray_carpet":1,"minecraft:oak_planks":111,"minecraft:sandstone":6,"minecraft:composter":10,"minecraft:glow_ink_sac":11,"minecraft:deepslate_bricks":1,"minecraft:polished_blackstone_bricks":63,"minecraft:white_wool":7,"minecraft:glow_item_frame":1,"minecraft:yellow_terracotta":7,"minecraft:sand":16,"minecraft:vine":8,"minecraft:oak_slab":80,"minecraft:crafting_table":11,"minecraft:loom":2,"minecraft:white_bed":5,"minecraft:note_block":4,"minecraft:stone_brick_wall":4,"minecraft:painting":90,"minecraft:spruce_log":35,"minecraft:smoker":6,"minecraft:warped_planks":9,"minecraft:redstone_torch":23,"minecraft:oak_log":190,"minecraft:piston":10,"minecraft:flower_pot":2,"minecraft:lever":1,"minecraft:yellow_dye":10,"minecraft:warped_trapdoor":12,"minecraft:cracked_polished_blackstone_bricks":1,"minecraft:command_block":42,"minecraft:heavy_weighted_pressure_plate":1,"minecraft:oak_button":2,"minecraft:string":1,"minecraft:warped_slab":2,"minecraft:stone_button":5,"minecraft:lectern":1,"minecraft:spore_blossom":2,"minecraft:spruce_trapdoor":23,"minecraft:gravel":4,"minecraft:flowering_azalea_leaves":81,"minecraft:lilac":9,"minecraft:blackstone_slab":1,"minecraft:pink_petals":51,"minecraft:green_carpet":4,"minecraft:cobblestone":68,"minecraft:azalea_leaves":145,"minecraft:smithing_table":2,"minecraft:jungle_door":4,"minecraft:chain":47,"minecraft:glass_pane":19,"minecraft:yellow_bed":1,"minecraft:sea_pickle":3,"minecraft:stripped_oak_log":126,"minecraft:kelp":9,"minecraft:oak_hanging_sign":1,"minecraft:jukebox":1,"minecraft:bone_meal":26,"minecraft:candle":3,"minecraft:gray_stained_glass":42},"minecraft:picked_up":{"minecraft:crafting_table":2,"minecraft:azure_bluet":51,"minecraft:anvil":1,"minecraft:oak_stairs":2,"minecraft:chain":1,"minecraft:warped_stairs":1,"minecraft:cornflower":3,"minecraft:string":125,"minecraft:smooth_stone_slab":3,"minecraft:white_carpet":2,"minecraft:armor_stand":5,"minecraft:spruce_planks":1,"minecraft:rose_bush":1,"minecraft:redstone_torch":1,"minecraft:spruce_slab":2,"minecraft:piston":1,"minecraft:egg":4,"minecraft:stick":134,"minecraft:jungle_door":1,"minecraft:oak_fence":2,"minecraft:torch":31,"minecraft:spruce_stairs":1,"minecraft:spruce_fence":1,"minecraft:stone_button":1,"minecraft:dirt_path":1,"minecraft:rotten_flesh":8,"minecraft:peony":2,"minecraft:yellow_terracotta":1,"minecraft:gold_ingot":3,"minecraft:glow_berries":1,"minecraft:mutton":12,"minecraft:white_wool":11,"minecraft:lilac":1,"minecraft:warped_fungus_on_a_stick":1,"minecraft:leather":104,"minecraft:carrot_on_a_stick":1,"minecraft:yellow_bed":1,"minecraft:cobblestone_stairs":2,"minecraft:gunpowder":3,"minecraft:dirt":1,"minecraft:lantern":3,"minecraft:podzol":1,"minecraft:stone_bricks":1,"minecraft:wheat_seeds":28,"minecraft:dark_oak_sign":1,"minecraft:flowering_azalea":1,"minecraft:music_disc_chirp":3,"minecraft:glow_lichen":1,"minecraft:chiseled_polished_blackstone":1,"minecraft:dandelion":3,"minecraft:raw_iron_block":1,"minecraft:torchflower_seeds":1,"minecraft:stripped_spruce_log":1,"minecraft:spruce_sapling":10,"minecraft:spruce_log":1,"minecraft:grass_block":2,"minecraft:spruce_door":7,"minecraft:music_disc_mall":1,"minecraft:painting":2,"minecraft:bone_meal":1,"minecraft:ender_pearl":1,"minecraft:hopper":1},"minecraft:killed_by":{"minecraft:player":2},"minecraft:crafted":{"minecraft:warped_fungus_on_a_stick":1,"minecraft:armor_stand":1,"minecraft:carrot_on_a_stick":2},"minecraft:custom":{"minecraft:interact_with_anvil":9,"minecraft:mob_kills":16,"minecraft:inspect_hopper":7,"minecraft:interact_with_crafting_table":7,"minecraft:open_barrel":7,"minecraft:leave_game":7,"minecraft:time_since_death":180720,"minecraft:climb_one_cm":3335,"minecraft:sprint_one_cm":196274,"minecraft:walk_one_cm":717198,"minecraft:drop":5,"minecraft:talked_to_villager":3,"minecraft:play_time":436103,"minecraft:deaths":3,"minecraft:sneak_time":7034,"minecraft:walk_under_water_one_cm":8435,"minecraft:jump":947,"minecraft:walk_on_water_one_cm":6714,"minecraft:total_world_time":436103,"minecraft:play_record":10,"minecraft:tune_noteblock":1,"minecraft:interact_with_loom":2,"minecraft:pot_flower":2,"minecraft:sleep_in_bed":4,"minecraft:time_since_rest":180747,"minecraft:damage_taken":726,"minecraft:damage_dealt":3026,"minecraft:fly_one_cm":1891714,"minecraft:open_chest":18,"minecraft:crouch_one_cm":2274,"minecraft:interact_with_smoker":2,"minecraft:fall_one_cm":2372,"minecraft:inspect_dispenser":4,"minecraft:horse_one_cm":27803},"minecraft:dropped":{"minecraft:grass_block":1,"minecraft:stick":1,"minecraft:torch":1,"minecraft:chiseled_polished_blackstone":1,"minecraft:spruce_slab":1}},"DataVersion":3955}