{"stats":{"minecraft:killed":{"minecraft:sheep":3,"minecraft:zombie":7,"minecraft:zombie_villager":2,"minecraft:creeper":1},"minecraft:picked_up":{"minecraft:stick":1,"minecraft:crafting_table":1,"minecraft:azure_bluet":17,"minecraft:warped_fungus_on_a_stick":1,"minecraft:leather":56,"minecraft:dandelion":1,"minecraft:torch":18,"minecraft:carrot_on_a_stick":1,"minecraft:raw_iron_block":1,"minecraft:spruce_sapling":2,"minecraft:gunpowder":1,"minecraft:cornflower":1,"minecraft:spruce_door":1,"minecraft:string":63,"minecraft:smooth_stone_slab":1,"minecraft:armor_stand":4,"minecraft:rotten_flesh":2,"minecraft:wheat_seeds":9,"minecraft:gold_ingot":1,"minecraft:mutton":4,"minecraft:white_wool":3,"minecraft:egg":1},"minecraft:used":{"minecraft:oak_fence":9,"minecraft:dirt_path":441,"minecraft:spruce_door":1,"minecraft:cobblestone_stairs":267,"minecraft:warped_fungus_on_a_stick":4,"minecraft:grass_block":1293,"minecraft:armor_stand":3,"minecraft:oak_stairs":1,"minecraft:carrot_on_a_stick":10,"minecraft:oak_sign":1,"minecraft:donkey_spawn_egg":1,"minecraft:stone":7,"minecraft:iron_sword":50,"minecraft:stone_bricks":800,"minecraft:torch":280,"minecraft:cobblestone":22,"minecraft:dirt":217,"minecraft:anvil":4,"minecraft:crafting_table":6,"minecraft:raw_iron_block":1,"minecraft:egg":9,"minecraft:stripped_oak_log":1,"minecraft:painting":23},"minecraft:custom":{"minecraft:time_since_rest":93808,"minecraft:sprint_one_cm":36528,"minecraft:walk_one_cm":200613,"minecraft:interact_with_anvil":6,"minecraft:mob_kills":13,"minecraft:drop":1,"minecraft:damage_dealt":2239,"minecraft:talked_to_villager":2,"minecraft:interact_with_crafting_table":7,"minecraft:fly_one_cm":687010,"minecraft:open_chest":4,"minecraft:crouch_one_cm":407,"minecraft:play_time":109308,"minecraft:deaths":1,"minecraft:sneak_time":2419,"minecraft:walk_under_water_one_cm":2220,"minecraft:jump":257,"minecraft:leave_game":2,"minecraft:walk_on_water_one_cm":1182,"minecraft:time_since_death":93786,"minecraft:total_world_time":109308,"minecraft:horse_one_cm":27803},"minecraft:crafted":{"minecraft:warped_fungus_on_a_stick":1,"minecraft:armor_stand":1,"minecraft:carrot_on_a_stick":2},"minecraft:dropped":{"minecraft:torch":1}},"DataVersion":3955}