{"stats":{"minecraft:killed":{"minecraft:creeper":1,"minecraft:sheep":2},"minecraft:custom":{"minecraft:mob_kills":3,"minecraft:interact_with_crafting_table":8,"minecraft:open_barrel":21,"minecraft:interact_with_loom":1,"minecraft:leave_game":16,"minecraft:time_since_death":531958,"minecraft:sleep_in_bed":1,"minecraft:climb_one_cm":5024,"minecraft:time_since_rest":221171,"minecraft:sprint_one_cm":568653,"minecraft:damage_taken":180,"minecraft:walk_one_cm":570875,"minecraft:drop":35,"minecraft:damage_dealt":985,"minecraft:swim_one_cm":528,"minecraft:talked_to_villager":1,"minecraft:fly_one_cm":2128421,"minecraft:player_kills":5,"minecraft:open_chest":23,"minecraft:crouch_one_cm":6338,"minecraft:play_time":544678,"minecraft:deaths":7,"minecraft:sneak_time":7956,"minecraft:walk_under_water_one_cm":5491,"minecraft:boat_one_cm":7872,"minecraft:aviate_one_cm":1143193,"minecraft:jump":2258,"minecraft:walk_on_water_one_cm":3063,"minecraft:total_world_time":544678,"minecraft:fall_one_cm":2348},"minecraft:dropped":{"minecraft:vine":2,"minecraft:poisonous_potato":2,"minecraft:lime_wool":3,"minecraft:stick":2,"minecraft:dirt":1,"minecraft:trial_key":1,"minecraft:packed_ice":1,"minecraft:ice":2,"minecraft:spruce_trapdoor":1,"minecraft:spruce_pressure_plate":2,"minecraft:yellow_banner":1,"minecraft:lime_carpet":5,"minecraft:stone_pressure_plate":3,"minecraft:writable_book":1,"minecraft:white_wool":3,"minecraft:egg":5},"minecraft:picked_up":{"minecraft:lingering_potion":21,"minecraft:spruce_leaves":1,"minecraft:leather_chestplate":1,"minecraft:packed_ice":1,"minecraft:enchanted_book":1,"minecraft:ice":2,"minecraft:potion":3,"minecraft:wind_charge":12,"minecraft:dirt":1,"minecraft:lantern":2,"minecraft:cooked_salmon":3,"minecraft:heart_of_the_sea":1,"minecraft:iron_ingot":14,"minecraft:red_dye":59,"minecraft:egg":3,"minecraft:spruce_pressure_plate":5,"minecraft:lime_wool":3,"minecraft:stick":3,"minecraft:birch_trapdoor":256,"minecraft:torch":1,"minecraft:villager_spawn_egg":1,"minecraft:spruce_log":2,"minecraft:grass_block":1,"minecraft:vine":2,"minecraft:redstone":1,"minecraft:prismarine_crystals":1,"minecraft:stone_pressure_plate":5,"minecraft:tnt":3,"minecraft:lime_carpet":7,"minecraft:cooked_cod":2,"minecraft:writable_book":1,"minecraft:emerald":10,"minecraft:gold_ingot":31,"minecraft:mutton":1,"minecraft:white_wool":5},"minecraft:mined":{"minecraft:tall_grass":1},"minecraft:crafted":{"minecraft:lingering_potion":1,"minecraft:carrot_on_a_stick":1},"minecraft:used":{"minecraft:oak_fence":11,"minecraft:wheat_seeds":3,"minecraft:oak_trapdoor":2,"minecraft:mossy_stone_bricks":2,"minecraft:yellow_banner":6,"minecraft:netherite_sword":1,"minecraft:end_rod":2,"minecraft:writable_book":6,"minecraft:dirt_path":5,"minecraft:cobblestone_stairs":54,"minecraft:spruce_door":5,"minecraft:ladder":4,"minecraft:spruce_slab":250,"minecraft:carrot_on_a_stick":44,"minecraft:oak_planks":64,"minecraft:blackstone_stairs":33,"minecraft:mangrove_planks":13,"minecraft:redstone":32,"minecraft:lime_wool":8,"minecraft:elytra":2,"minecraft:chest":7,"minecraft:decorated_pot":1,"minecraft:spruce_planks":11,"minecraft:stone":38,"minecraft:spruce_sign":17,"minecraft:mangrove_fence":1,"minecraft:sheep_spawn_egg":2,"minecraft:spruce_fence_gate":19,"minecraft:trial_key":2,"minecraft:smooth_quartz_stairs":18,"minecraft:spruce_leaves":294,"minecraft:white_wool":24,"minecraft:torch":57,"minecraft:mossy_cobblestone":4,"minecraft:dirt":31,"minecraft:lime_terracotta":23,"minecraft:mangrove_trapdoor":8,"minecraft:vine":52,"minecraft:crafting_table":2,"minecraft:loom":1,"minecraft:spruce_stairs":142,"minecraft:cobblestone_wall":2,"minecraft:stone_stairs":22,"minecraft:orange_wool":1,"minecraft:campfire":1,"minecraft:blackstone_wall":58,"minecraft:painting":14,"minecraft:lingering_potion":21,"minecraft:spruce_fence":28,"minecraft:spruce_log":52,"minecraft:stripped_spruce_log":8,"minecraft:oak_fence_gate":1,"minecraft:sticky_piston":5,"minecraft:mossy_cobblestone_stairs":31,"minecraft:redstone_torch":2,"minecraft:iron_hoe":3,"minecraft:lever":4,"minecraft:packed_ice":42,"minecraft:villager_spawn_egg":1,"minecraft:firework_rocket":34,"minecraft:mace":3,"minecraft:mangrove_stairs":20,"minecraft:lime_carpet":44,"minecraft:wind_charge":270,"minecraft:lantern":17,"minecraft:grass_block":44,"minecraft:oak_button":3,"minecraft:string":11,"minecraft:stone_button":1,"minecraft:acacia_slab":5,"minecraft:spruce_pressure_plate":4,"minecraft:spruce_trapdoor":2,"minecraft:smooth_quartz":61,"minecraft:diorite_wall":21,"minecraft:stone_bricks":233,"minecraft:barrel":17,"minecraft:yellow_wool":1,"minecraft:soul_lantern":1,"minecraft:blackstone_slab":8,"minecraft:birch_trapdoor":1,"minecraft:vault":2,"minecraft:repeater":4,"minecraft:cobblestone":5,"minecraft:potion":1,"minecraft:hay_block":2,"minecraft:ice":21,"minecraft:brush":5,"minecraft:yellow_bed":4,"minecraft:oak_boat":2,"minecraft:egg":49,"minecraft:stone_pressure_plate":4,"minecraft:smooth_stone":26}},"DataVersion":3955}