{"stats":{"minecraft:picked_up":{"minecraft:red_tulip":1,"minecraft:crafting_table":1,"minecraft:azure_bluet":2,"minecraft:dirt":16,"minecraft:coal":3,"minecraft:writable_book":1},"minecraft:custom":{"minecraft:jump":45,"minecraft:open_chest":2,"minecraft:time_since_rest":17958,"minecraft:crouch_one_cm":98,"minecraft:sprint_one_cm":7651,"minecraft:play_time":17958,"minecraft:damage_taken":20,"minecraft:time_since_death":17958,"minecraft:walk_one_cm":11140,"minecraft:sneak_time":256,"minecraft:total_world_time":17958,"minecraft:drop":1,"minecraft:fall_one_cm":934,"minecraft:fly_one_cm":256924},"minecraft:used":{"minecraft:flint_and_steel":3,"minecraft:tnt":19},"minecraft:dropped":{"minecraft:writable_book":1}},"DataVersion":3955}