{"stats":{"minecraft:picked_up":{"minecraft:lingering_potion":20,"minecraft:spruce_leaves":1,"minecraft:stick":2,"minecraft:birch_trapdoor":256,"minecraft:potion":1,"minecraft:spruce_log":2,"minecraft:grass_block":1,"minecraft:white_wool":3},"minecraft:used":{"minecraft:birch_trapdoor":1,"minecraft:firework_rocket":3,"minecraft:potion":1,"minecraft:spruce_door":5,"minecraft:crafting_table":2,"minecraft:grass_block":34,"minecraft:carrot_on_a_stick":44,"minecraft:elytra":1,"minecraft:lingering_potion":21,"minecraft:decorated_pot":1,"minecraft:brush":5,"minecraft:egg":4,"minecraft:painting":1},"minecraft:custom":{"minecraft:open_chest":1,"minecraft:time_since_rest":18789,"minecraft:crouch_one_cm":321,"minecraft:play_time":31466,"minecraft:sprint_one_cm":19821,"minecraft:deaths":7,"minecraft:walk_one_cm":24373,"minecraft:sneak_time":275,"minecraft:drop":5,"minecraft:aviate_one_cm":136285,"minecraft:jump":100,"minecraft:damage_dealt":10,"minecraft:leave_game":3,"minecraft:time_since_death":18746,"minecraft:total_world_time":31466,"minecraft:interact_with_crafting_table":7,"minecraft:fly_one_cm":76657},"minecraft:crafted":{"minecraft:lingering_potion":1,"minecraft:carrot_on_a_stick":1},"minecraft:dropped":{"minecraft:white_wool":3,"minecraft:stick":2}},"DataVersion":3955}