{"stats":{"minecraft:picked_up":{"minecraft:spruce_leaves":1,"minecraft:birch_trapdoor":256,"minecraft:potion":1,"minecraft:grass_block":1,"minecraft:spruce_log":2},"minecraft:custom":{"minecraft:time_since_rest":804,"minecraft:open_chest":1,"minecraft:crouch_one_cm":153,"minecraft:play_time":13481,"minecraft:sprint_one_cm":10169,"minecraft:deaths":7,"minecraft:walk_one_cm":14096,"minecraft:sneak_time":81,"minecraft:aviate_one_cm":136285,"minecraft:jump":45,"minecraft:damage_dealt":10,"minecraft:leave_game":3,"minecraft:time_since_death":761,"minecraft:total_world_time":13481,"minecraft:fly_one_cm":50882},"minecraft:used":{"minecraft:firework_rocket":3,"minecraft:potion":1,"minecraft:spruce_door":5,"minecraft:grass_block":20,"minecraft:elytra":1,"minecraft:decorated_pot":1}},"DataVersion":3955}