{"stats":{"minecraft:killed_by":{"minecraft:player":1},"minecraft:custom":{"minecraft:time_since_rest":3302,"minecraft:crouch_one_cm":1248,"minecraft:sprint_one_cm":13324,"minecraft:play_time":20580,"minecraft:deaths":2,"minecraft:damage_taken":408,"minecraft:walk_one_cm":58651,"minecraft:sneak_time":356,"minecraft:mob_kills":3,"minecraft:drop":2,"minecraft:jump":133,"minecraft:damage_dealt":2417,"minecraft:leave_game":4,"minecraft:time_since_death":3275,"minecraft:total_world_time":20580,"minecraft:fly_one_cm":41575,"minecraft:player_kills":6},"minecraft:dropped":{"minecraft:mace":1,"minecraft:wind_charge":1},"minecraft:picked_up":{"minecraft:pink_petals":12,"minecraft:leather":4,"minecraft:beef":2,"minecraft:mace":4,"minecraft:poppy":2,"minecraft:light_gray_wool":2,"minecraft:mutton":2},"minecraft:killed":{"minecraft:sheep":1,"minecraft:skeleton":1,"minecraft:giant":1},"minecraft:used":{"minecraft:mace":22,"minecraft:wind_charge":71,"minecraft:grass_block":9}},"DataVersion":3955}