{"stats":{"minecraft:custom":{"minecraft:jump":39,"minecraft:time_since_rest":3800,"minecraft:damage_dealt":386,"minecraft:sprint_one_cm":4449,"minecraft:leave_game":2,"minecraft:play_time":3800,"minecraft:damage_taken":185,"minecraft:time_since_death":3800,"minecraft:walk_one_cm":7100,"minecraft:total_world_time":3800,"minecraft:mob_kills":2,"minecraft:fly_one_cm":35207},"minecraft:picked_up":{"minecraft:light_gray_wool":1,"minecraft:mutton":1},"minecraft:killed":{"minecraft:sheep":1,"minecraft:skeleton":1}},"DataVersion":3955}