{"stats":{"minecraft:crafted":{"minecraft:lingering_potion":1,"minecraft:carrot_on_a_stick":1},"minecraft:killed":{"minecraft:sheep":2},"minecraft:mined":{"minecraft:tall_grass":1},"minecraft:picked_up":{"minecraft:lingering_potion":21,"minecraft:spruce_leaves":1,"minecraft:potion":1,"minecraft:dirt":1,"minecraft:lantern":2,"minecraft:red_dye":59,"minecraft:stick":3,"minecraft:birch_trapdoor":256,"minecraft:torch":1,"minecraft:spruce_log":2,"minecraft:grass_block":1,"minecraft:redstone":1,"minecraft:mutton":1,"minecraft:white_wool":5},"minecraft:used":{"minecraft:wheat_seeds":3,"minecraft:oak_trapdoor":2,"minecraft:oak_fence":11,"minecraft:yellow_banner":6,"minecraft:mossy_stone_bricks":2,"minecraft:netherite_sword":1,"minecraft:end_rod":2,"minecraft:dirt_path":5,"minecraft:cobblestone_stairs":54,"minecraft:spruce_door":5,"minecraft:oak_planks":64,"minecraft:mangrove_planks":13,"minecraft:blackstone_stairs":33,"minecraft:spruce_slab":250,"minecraft:redstone":31,"minecraft:carrot_on_a_stick":44,"minecraft:elytra":1,"minecraft:ladder":4,"minecraft:spruce_planks":11,"minecraft:decorated_pot":1,"minecraft:chest":1,"minecraft:stone":38,"minecraft:spruce_sign":16,"minecraft:mangrove_fence":1,"minecraft:sheep_spawn_egg":2,"minecraft:spruce_fence_gate":19,"minecraft:smooth_quartz_stairs":18,"minecraft:spruce_leaves":294,"minecraft:white_wool":24,"minecraft:torch":56,"minecraft:mossy_cobblestone":4,"minecraft:dirt":24,"minecraft:mangrove_trapdoor":8,"minecraft:vine":51,"minecraft:crafting_table":2,"minecraft:loom":1,"minecraft:spruce_stairs":142,"minecraft:stone_stairs":22,"minecraft:orange_wool":1,"minecraft:campfire":1,"minecraft:blackstone_wall":58,"minecraft:lingering_potion":21,"minecraft:painting":12,"minecraft:spruce_fence":28,"minecraft:spruce_log":52,"minecraft:oak_fence_gate":1,"minecraft:stripped_spruce_log":8,"minecraft:sticky_piston":4,"minecraft:mossy_cobblestone_stairs":31,"minecraft:iron_hoe":3,"minecraft:lever":4,"minecraft:firework_rocket":3,"minecraft:mace":3,"minecraft:mangrove_stairs":20,"minecraft:wind_charge":195,"minecraft:lantern":17,"minecraft:grass_block":39,"minecraft:oak_button":3,"minecraft:acacia_slab":5,"minecraft:stone_button":1,"minecraft:spruce_trapdoor":2,"minecraft:smooth_quartz":61,"minecraft:diorite_wall":21,"minecraft:yellow_wool":1,"minecraft:barrel":15,"minecraft:stone_bricks":233,"minecraft:soul_lantern":1,"minecraft:blackstone_slab":8,"minecraft:birch_trapdoor":1,"minecraft:repeater":4,"minecraft:cobblestone":5,"minecraft:potion":1,"minecraft:hay_block":2,"minecraft:yellow_bed":4,"minecraft:oak_boat":2,"minecraft:brush":5,"minecraft:egg":47,"minecraft:smooth_stone":26},"minecraft:dropped":{"minecraft:poisonous_potato":2,"minecraft:stick":2,"minecraft:dirt":1,"minecraft:spruce_trapdoor":1,"minecraft:yellow_banner":1,"minecraft:white_wool":3},"minecraft:custom":{"minecraft:mob_kills":2,"minecraft:interact_with_crafting_table":8,"minecraft:interact_with_loom":1,"minecraft:leave_game":10,"minecraft:time_since_death":376345,"minecraft:sleep_in_bed":1,"minecraft:climb_one_cm":3336,"minecraft:time_since_rest":65558,"minecraft:sprint_one_cm":256539,"minecraft:damage_taken":180,"minecraft:walk_one_cm":304536,"minecraft:drop":10,"minecraft:damage_dealt":765,"minecraft:fly_one_cm":1523644,"minecraft:player_kills":5,"minecraft:open_chest":8,"minecraft:crouch_one_cm":5949,"minecraft:play_time":389065,"minecraft:deaths":7,"minecraft:sneak_time":6796,"minecraft:walk_under_water_one_cm":4563,"minecraft:boat_one_cm":7872,"minecraft:aviate_one_cm":136285,"minecraft:jump":1005,"minecraft:walk_on_water_one_cm":239,"minecraft:total_world_time":389065,"minecraft:fall_one_cm":2348}},"DataVersion":3955}