{"stats":{"minecraft:mined":{"minecraft:tall_grass":1},"minecraft:picked_up":{"minecraft:lingering_potion":21,"minecraft:spruce_leaves":1,"minecraft:stick":3,"minecraft:birch_trapdoor":256,"minecraft:potion":1,"minecraft:grass_block":1,"minecraft:spruce_log":2,"minecraft:dirt":1,"minecraft:white_wool":3},"minecraft:used":{"minecraft:firework_rocket":3,"minecraft:spruce_door":5,"minecraft:grass_block":34,"minecraft:carrot_on_a_stick":44,"minecraft:elytra":1,"minecraft:decorated_pot":1,"minecraft:stone_bricks":228,"minecraft:birch_trapdoor":1,"minecraft:dirt":8,"minecraft:potion":1,"minecraft:crafting_table":2,"minecraft:egg":4,"minecraft:brush":5,"minecraft:lingering_potion":21,"minecraft:painting":1},"minecraft:custom":{"minecraft:time_since_rest":30789,"minecraft:sprint_one_cm":28804,"minecraft:damage_taken":180,"minecraft:walk_one_cm":36808,"minecraft:drop":6,"minecraft:damage_dealt":145,"minecraft:interact_with_crafting_table":8,"minecraft:player_kills":1,"minecraft:fly_one_cm":127741,"minecraft:open_chest":1,"minecraft:crouch_one_cm":551,"minecraft:play_time":43466,"minecraft:deaths":7,"minecraft:sneak_time":682,"minecraft:aviate_one_cm":136285,"minecraft:jump":129,"minecraft:leave_game":3,"minecraft:time_since_death":30746,"minecraft:total_world_time":43466,"minecraft:fall_one_cm":2348},"minecraft:crafted":{"minecraft:lingering_potion":1,"minecraft:carrot_on_a_stick":1},"minecraft:dropped":{"minecraft:dirt":1,"minecraft:white_wool":3,"minecraft:stick":2}},"DataVersion":3955}