{"stats":{"minecraft:custom":{"minecraft:jump":68,"minecraft:time_since_rest":10023,"minecraft:crouch_one_cm":1177,"minecraft:damage_dealt":386,"minecraft:play_time":10023,"minecraft:leave_game":3,"minecraft:sprint_one_cm":5035,"minecraft:damage_taken":185,"minecraft:time_since_death":10023,"minecraft:walk_one_cm":22138,"minecraft:sneak_time":335,"minecraft:total_world_time":10023,"minecraft:mob_kills":2,"minecraft:drop":1,"minecraft:fly_one_cm":36006},"minecraft:dropped":{"minecraft:wind_charge":1},"minecraft:picked_up":{"minecraft:pink_petals":6,"minecraft:light_gray_wool":1,"minecraft:mutton":1},"minecraft:killed":{"minecraft:sheep":1,"minecraft:skeleton":1},"minecraft:used":{"minecraft:wind_charge":28}},"DataVersion":3955}