{"stats":{"minecraft:killed":{"minecraft:creeper":1,"minecraft:sheep":2},"minecraft:custom":{"minecraft:interact_with_anvil":1,"minecraft:mob_kills":3,"minecraft:interact_with_crafting_table":8,"minecraft:open_barrel":25,"minecraft:leave_game":16,"minecraft:time_since_death":711958,"minecraft:climb_one_cm":10734,"minecraft:sprint_one_cm":774407,"minecraft:walk_one_cm":689534,"minecraft:drop":38,"minecraft:talked_to_villager":2,"minecraft:walk_under_water_one_cm":17406,"minecraft:play_time":724678,"minecraft:deaths":7,"minecraft:sneak_time":12631,"minecraft:boat_one_cm":7872,"minecraft:interact_with_lectern":1,"minecraft:jump":3220,"minecraft:walk_on_water_one_cm":6111,"minecraft:total_world_time":724678,"minecraft:interact_with_loom":1,"minecraft:sleep_in_bed":1,"minecraft:time_since_rest":401171,"minecraft:damage_taken":180,"minecraft:damage_dealt":985,"minecraft:swim_one_cm":528,"minecraft:fly_one_cm":3095959,"minecraft:player_kills":5,"minecraft:open_chest":26,"minecraft:crouch_one_cm":8317,"minecraft:aviate_one_cm":1838556,"minecraft:fall_one_cm":2348},"minecraft:dropped":{"minecraft:vine":2,"minecraft:poisonous_potato":2,"minecraft:dark_oak_pressure_plate":1,"minecraft:stick":2,"minecraft:dirt":1,"minecraft:packed_ice":1,"minecraft:ice":2,"minecraft:lime_carpet":5,"minecraft:writable_book":1,"minecraft:white_wool":3,"minecraft:lime_wool":3,"minecraft:trial_key":1,"minecraft:spruce_trapdoor":1,"minecraft:spruce_pressure_plate":2,"minecraft:yellow_banner":1,"minecraft:stone_pressure_plate":3,"minecraft:written_book":17,"minecraft:egg":5},"minecraft:picked_up":{"minecraft:lingering_potion":21,"minecraft:spruce_leaves":1,"minecraft:packed_ice":1,"minecraft:potion":3,"minecraft:enchanted_book":1,"minecraft:wind_charge":12,"minecraft:dark_oak_pressure_plate":1,"minecraft:cooked_salmon":3,"minecraft:red_dye":59,"minecraft:written_book":16,"minecraft:player_head":1,"minecraft:egg":4,"minecraft:lime_wool":3,"minecraft:spruce_pressure_plate":5,"minecraft:stick":3,"minecraft:birch_trapdoor":256,"minecraft:torch":1,"minecraft:villager_spawn_egg":1,"minecraft:stone_button":1,"minecraft:vine":2,"minecraft:redstone":1,"minecraft:prismarine_crystals":1,"minecraft:stone_pressure_plate":5,"minecraft:tnt":3,"minecraft:cooked_cod":2,"minecraft:lime_carpet":7,"minecraft:gold_ingot":31,"minecraft:mutton":1,"minecraft:white_wool":5,"minecraft:leather_chestplate":1,"minecraft:ice":2,"minecraft:dirt":1,"minecraft:lantern":2,"minecraft:heart_of_the_sea":1,"minecraft:iron_ingot":14,"minecraft:grass_block":1,"minecraft:spruce_log":2,"minecraft:writable_book":1,"minecraft:emerald":10,"minecraft:oak_button":1},"minecraft:mined":{"minecraft:player_head":1,"minecraft:tall_grass":1},"minecraft:crafted":{"minecraft:lingering_potion":1,"minecraft:carrot_on_a_stick":1},"minecraft:used":{"minecraft:oak_trapdoor":2,"minecraft:oak_fence":27,"minecraft:netherite_sword":1,"minecraft:writable_book":11,"minecraft:iron_bars":4,"minecraft:redstone":32,"minecraft:spruce_slab":556,"minecraft:carrot_on_a_stick":44,"minecraft:elytra":2,"minecraft:ladder":12,"minecraft:spruce_planks":11,"minecraft:decorated_pot":1,"minecraft:chest":7,"minecraft:stone":107,"minecraft:mangrove_fence":1,"minecraft:wooden_shovel":29,"minecraft:player_head":21,"minecraft:trial_key":2,"minecraft:spruce_leaves":304,"minecraft:torch":93,"minecraft:dirt":34,"minecraft:anvil":1,"minecraft:spruce_stairs":144,"minecraft:cobblestone_wall":2,"minecraft:stone_stairs":22,"minecraft:orange_wool":1,"minecraft:spruce_fence":31,"minecraft:oak_fence_gate":70,"minecraft:stripped_spruce_log":16,"minecraft:mossy_cobblestone_stairs":31,"minecraft:iron_hoe":3,"minecraft:dark_oak_planks":1,"minecraft:packed_ice":42,"minecraft:villager_spawn_egg":1,"minecraft:mangrove_stairs":20,"minecraft:lantern":18,"minecraft:grass_block":46,"minecraft:oak_stairs":1,"minecraft:acacia_slab":5,"minecraft:smooth_quartz":75,"minecraft:diorite_wall":21,"minecraft:barrel":23,"minecraft:stone_bricks":565,"minecraft:item_frame":1,"minecraft:birch_trapdoor":1,"minecraft:vault":2,"minecraft:repeater":4,"minecraft:redstone_lamp":1,"minecraft:infested_mossy_stone_bricks":2,"minecraft:hay_block":2,"minecraft:written_book":2,"minecraft:dark_oak_pressure_plate":1,"minecraft:stone_pressure_plate":4,"minecraft:egg":50,"minecraft:wheat_seeds":3,"minecraft:dark_oak_stairs":2,"minecraft:yellow_banner":6,"minecraft:mossy_stone_bricks":6,"minecraft:end_rod":2,"minecraft:cobblestone_stairs":54,"minecraft:dirt_path":5,"minecraft:spruce_door":8,"minecraft:lime_wool":8,"minecraft:blackstone_stairs":33,"minecraft:mangrove_planks":13,"minecraft:oak_planks":65,"minecraft:spruce_sign":20,"minecraft:sheep_spawn_egg":2,"minecraft:spruce_fence_gate":19,"minecraft:smooth_quartz_stairs":18,"minecraft:white_wool":28,"minecraft:mossy_cobblestone":8,"minecraft:lime_terracotta":23,"minecraft:mangrove_trapdoor":8,"minecraft:vine":66,"minecraft:crafting_table":2,"minecraft:loom":1,"minecraft:red_bed":1,"minecraft:campfire":37,"minecraft:blackstone_wall":58,"minecraft:black_bed":2,"minecraft:lingering_potion":21,"minecraft:painting":16,"minecraft:spruce_log":52,"minecraft:redstone_torch":2,"minecraft:oak_log":146,"minecraft:sticky_piston":5,"minecraft:lever":4,"minecraft:firework_rocket":50,"minecraft:mace":3,"minecraft:command_block":1,"minecraft:lime_carpet":44,"minecraft:wind_charge":270,"minecraft:string":11,"minecraft:oak_button":7,"minecraft:stone_button":4,"minecraft:copper_grate":6,"minecraft:spruce_pressure_plate":4,"minecraft:spruce_trapdoor":27,"minecraft:yellow_wool":1,"minecraft:soul_lantern":1,"minecraft:blackstone_slab":8,"minecraft:cobblestone":8,"minecraft:potion":1,"minecraft:dark_oak_fence":1,"minecraft:chain":31,"minecraft:yellow_bed":4,"minecraft:ice":21,"minecraft:oak_boat":2,"minecraft:brush":5,"minecraft:smooth_stone":40,"minecraft:waxed_copper_bulb":5,"minecraft:cobweb":15}},"DataVersion":3955}