{"stats":{"minecraft:used":{"minecraft:tnt":19,"minecraft:flint_and_steel":3},"minecraft:picked_up":{"minecraft:red_tulip":1,"minecraft:crafting_table":1,"minecraft:azure_bluet":2,"minecraft:coal":3,"minecraft:dirt":16,"minecraft:writable_book":1},"minecraft:dropped":{"minecraft:writable_book":1},"minecraft:custom":{"minecraft:jump":46,"minecraft:open_chest":2,"minecraft:time_since_rest":31375,"minecraft:damage_taken":20,"minecraft:crouch_one_cm":98,"minecraft:leave_game":2,"minecraft:sprint_one_cm":7651,"minecraft:play_time":31375,"minecraft:time_since_death":31375,"minecraft:walk_one_cm":11189,"minecraft:sneak_time":256,"minecraft:total_world_time":31375,"minecraft:drop":1,"minecraft:fly_one_cm":256924,"minecraft:fall_one_cm":934}},"DataVersion":3955}