{"stats":{"minecraft:mined":{"minecraft:tall_grass":1},"minecraft:picked_up":{"minecraft:lingering_potion":21,"minecraft:spruce_leaves":1,"minecraft:stick":3,"minecraft:birch_trapdoor":256,"minecraft:potion":1,"minecraft:grass_block":1,"minecraft:spruce_log":2,"minecraft:dirt":1,"minecraft:white_wool":3},"minecraft:used":{"minecraft:mossy_cobblestone_stairs":30,"minecraft:oak_fence":10,"minecraft:mossy_stone_bricks":2,"minecraft:cobblestone_stairs":53,"minecraft:firework_rocket":3,"minecraft:dirt_path":1,"minecraft:spruce_door":5,"minecraft:lantern":9,"minecraft:grass_block":36,"minecraft:spruce_slab":211,"minecraft:carrot_on_a_stick":44,"minecraft:elytra":1,"minecraft:decorated_pot":1,"minecraft:spruce_planks":11,"minecraft:spruce_trapdoor":2,"minecraft:stone_bricks":233,"minecraft:spruce_leaves":187,"minecraft:white_wool":24,"minecraft:torch":45,"minecraft:birch_trapdoor":1,"minecraft:mossy_cobblestone":4,"minecraft:dirt":8,"minecraft:cobblestone":5,"minecraft:potion":1,"minecraft:vine":20,"minecraft:crafting_table":2,"minecraft:spruce_stairs":136,"minecraft:stone_stairs":22,"minecraft:orange_wool":1,"minecraft:egg":5,"minecraft:brush":5,"minecraft:painting":5,"minecraft:lingering_potion":21,"minecraft:spruce_log":1,"minecraft:stripped_spruce_log":8},"minecraft:custom":{"minecraft:time_since_rest":91945,"minecraft:sprint_one_cm":34651,"minecraft:damage_taken":180,"minecraft:walk_one_cm":57076,"minecraft:drop":6,"minecraft:damage_dealt":155,"minecraft:interact_with_crafting_table":8,"minecraft:player_kills":1,"minecraft:fly_one_cm":582124,"minecraft:open_chest":1,"minecraft:crouch_one_cm":955,"minecraft:play_time":104622,"minecraft:deaths":7,"minecraft:sneak_time":2869,"minecraft:aviate_one_cm":136285,"minecraft:jump":149,"minecraft:leave_game":4,"minecraft:time_since_death":91902,"minecraft:total_world_time":104622,"minecraft:fall_one_cm":2348},"minecraft:crafted":{"minecraft:lingering_potion":1,"minecraft:carrot_on_a_stick":1},"minecraft:dropped":{"minecraft:dirt":1,"minecraft:white_wool":3,"minecraft:stick":2}},"DataVersion":3955}