{"stats":{"minecraft:picked_up":{"minecraft:spruce_leaves":1,"minecraft:birch_trapdoor":256,"minecraft:potion":1,"minecraft:spruce_log":2,"minecraft:grass_block":1},"minecraft:used":{"minecraft:firework_rocket":3,"minecraft:potion":1,"minecraft:spruce_door":5,"minecraft:crafting_table":1,"minecraft:grass_block":20,"minecraft:carrot_on_a_stick":27,"minecraft:elytra":1,"minecraft:decorated_pot":1},"minecraft:custom":{"minecraft:open_chest":1,"minecraft:time_since_rest":6789,"minecraft:crouch_one_cm":153,"minecraft:play_time":19466,"minecraft:sprint_one_cm":16132,"minecraft:deaths":7,"minecraft:walk_one_cm":16240,"minecraft:sneak_time":99,"minecraft:aviate_one_cm":136285,"minecraft:jump":79,"minecraft:damage_dealt":10,"minecraft:leave_game":3,"minecraft:time_since_death":6746,"minecraft:total_world_time":19466,"minecraft:interact_with_crafting_table":1,"minecraft:fly_one_cm":71509},"minecraft:crafted":{"minecraft:carrot_on_a_stick":1}},"DataVersion":3955}