{"stats":{"minecraft:mined":{"minecraft:tall_grass":1},"minecraft:crafted":{"minecraft:lingering_potion":1,"minecraft:carrot_on_a_stick":1},"minecraft:custom":{"minecraft:mob_kills":3,"minecraft:interact_with_crafting_table":8,"minecraft:open_barrel":10,"minecraft:interact_with_loom":1,"minecraft:leave_game":12,"minecraft:time_since_death":414841,"minecraft:sleep_in_bed":1,"minecraft:climb_one_cm":3336,"minecraft:time_since_rest":104054,"minecraft:sprint_one_cm":320164,"minecraft:damage_taken":180,"minecraft:walk_one_cm":400906,"minecraft:drop":31,"minecraft:damage_dealt":965,"minecraft:talked_to_villager":1,"minecraft:fly_one_cm":1633102,"minecraft:player_kills":5,"minecraft:open_chest":9,"minecraft:crouch_one_cm":5949,"minecraft:play_time":427561,"minecraft:deaths":7,"minecraft:sneak_time":7450,"minecraft:walk_under_water_one_cm":4563,"minecraft:boat_one_cm":7872,"minecraft:aviate_one_cm":136285,"minecraft:jump":1215,"minecraft:walk_on_water_one_cm":239,"minecraft:total_world_time":427561,"minecraft:fall_one_cm":2348},"minecraft:used":{"minecraft:oak_fence":11,"minecraft:wheat_seeds":3,"minecraft:oak_trapdoor":2,"minecraft:mossy_stone_bricks":2,"minecraft:yellow_banner":6,"minecraft:netherite_sword":1,"minecraft:end_rod":2,"minecraft:dirt_path":5,"minecraft:cobblestone_stairs":54,"minecraft:spruce_door":5,"minecraft:ladder":4,"minecraft:spruce_slab":250,"minecraft:carrot_on_a_stick":44,"minecraft:oak_planks":64,"minecraft:blackstone_stairs":33,"minecraft:lime_wool":6,"minecraft:redstone":32,"minecraft:mangrove_planks":13,"minecraft:elytra":1,"minecraft:chest":1,"minecraft:decorated_pot":1,"minecraft:spruce_planks":11,"minecraft:stone":38,"minecraft:spruce_sign":17,"minecraft:mangrove_fence":1,"minecraft:sheep_spawn_egg":2,"minecraft:spruce_fence_gate":19,"minecraft:smooth_quartz_stairs":18,"minecraft:spruce_leaves":294,"minecraft:white_wool":24,"minecraft:torch":56,"minecraft:mossy_cobblestone":4,"minecraft:dirt":24,"minecraft:lime_terracotta":2,"minecraft:mangrove_trapdoor":8,"minecraft:vine":51,"minecraft:crafting_table":2,"minecraft:loom":1,"minecraft:spruce_stairs":142,"minecraft:cobblestone_wall":2,"minecraft:stone_stairs":22,"minecraft:orange_wool":1,"minecraft:campfire":1,"minecraft:blackstone_wall":58,"minecraft:painting":12,"minecraft:lingering_potion":21,"minecraft:spruce_fence":28,"minecraft:spruce_log":52,"minecraft:stripped_spruce_log":8,"minecraft:oak_fence_gate":1,"minecraft:sticky_piston":5,"minecraft:mossy_cobblestone_stairs":31,"minecraft:redstone_torch":2,"minecraft:iron_hoe":3,"minecraft:lever":4,"minecraft:firework_rocket":3,"minecraft:mace":3,"minecraft:mangrove_stairs":20,"minecraft:lime_carpet":4,"minecraft:wind_charge":208,"minecraft:lantern":17,"minecraft:grass_block":40,"minecraft:oak_button":3,"minecraft:string":11,"minecraft:stone_button":1,"minecraft:acacia_slab":5,"minecraft:spruce_pressure_plate":4,"minecraft:spruce_trapdoor":2,"minecraft:smooth_quartz":61,"minecraft:diorite_wall":21,"minecraft:stone_bricks":233,"minecraft:barrel":16,"minecraft:yellow_wool":1,"minecraft:soul_lantern":1,"minecraft:blackstone_slab":8,"minecraft:birch_trapdoor":1,"minecraft:repeater":4,"minecraft:cobblestone":5,"minecraft:potion":1,"minecraft:hay_block":2,"minecraft:ice":4,"minecraft:yellow_bed":4,"minecraft:oak_boat":2,"minecraft:brush":5,"minecraft:egg":48,"minecraft:stone_pressure_plate":4,"minecraft:smooth_stone":26},"minecraft:picked_up":{"minecraft:lingering_potion":21,"minecraft:spruce_leaves":1,"minecraft:ice":2,"minecraft:potion":1,"minecraft:dirt":1,"minecraft:lantern":2,"minecraft:red_dye":59,"minecraft:egg":3,"minecraft:spruce_pressure_plate":5,"minecraft:lime_wool":3,"minecraft:stick":3,"minecraft:birch_trapdoor":256,"minecraft:torch":1,"minecraft:villager_spawn_egg":1,"minecraft:spruce_log":2,"minecraft:grass_block":1,"minecraft:vine":2,"minecraft:redstone":1,"minecraft:stone_pressure_plate":5,"minecraft:lime_carpet":7,"minecraft:mutton":1,"minecraft:white_wool":5},"minecraft:dropped":{"minecraft:vine":2,"minecraft:lime_wool":3,"minecraft:poisonous_potato":2,"minecraft:stick":2,"minecraft:dirt":1,"minecraft:ice":2,"minecraft:spruce_trapdoor":1,"minecraft:spruce_pressure_plate":2,"minecraft:lime_carpet":5,"minecraft:yellow_banner":1,"minecraft:stone_pressure_plate":3,"minecraft:white_wool":3,"minecraft:egg":4},"minecraft:killed":{"minecraft:creeper":1,"minecraft:sheep":2}},"DataVersion":3955}