{"stats":{"minecraft:killed":{"minecraft:pillager":1,"minecraft:fox":1},"minecraft:picked_up":{"minecraft:stick":19,"minecraft:bee_nest":2,"minecraft:jukebox":1,"minecraft:leather":1,"minecraft:torch":6,"minecraft:music_disc_pigstep":3,"minecraft:lily_of_the_valley":1,"minecraft:apple":2,"minecraft:kelp":1,"minecraft:tropical_fish":1,"minecraft:orange_tulip":4,"minecraft:white_tulip":2,"minecraft:red_tulip":3,"minecraft:pink_tulip":3,"minecraft:bamboo":104,"minecraft:oak_sapling":21,"minecraft:birch_sapling":5,"minecraft:cod":1},"minecraft:dropped":{"minecraft:kelp":1,"minecraft:bamboo":5},"minecraft:custom":{"minecraft:time_since_rest":120630,"minecraft:sprint_one_cm":28385,"minecraft:walk_one_cm":153220,"minecraft:mob_kills":2,"minecraft:drop":6,"minecraft:damage_dealt":357,"minecraft:play_record":6,"minecraft:fly_one_cm":595345,"minecraft:open_chest":2,"minecraft:play_one_minute":120630,"minecraft:crouch_one_cm":318,"minecraft:sneak_time":1540,"minecraft:walk_under_water_one_cm":788,"minecraft:jump":321,"minecraft:leave_game":2,"minecraft:time_since_death":120630,"minecraft:walk_on_water_one_cm":2479,"minecraft:interact_with_smoker":2,"minecraft:fall_one_cm":209,"minecraft:inspect_dispenser":3},"minecraft:used":{"minecraft:turtle_spawn_egg":1,"minecraft:netherite_sword":9,"minecraft:jungle_leaves":12,"minecraft:rose_bush":11,"minecraft:netherite_shovel":82,"minecraft:spruce_slab":3,"minecraft:music_disc_pigstep":6,"minecraft:oak_stairs":3,"minecraft:light_weighted_pressure_plate":3,"minecraft:red_concrete":10,"minecraft:lantern":36,"minecraft:grass_block":138,"minecraft:dispenser":3,"minecraft:panda_spawn_egg":5,"minecraft:dried_kelp":3,"minecraft:oak_planks":32,"minecraft:spruce_planks":15,"minecraft:fox_spawn_egg":1,"minecraft:tropical_fish_spawn_egg":13,"minecraft:red_nether_brick_stairs":37,"minecraft:parrot_spawn_egg":2,"minecraft:cobblestone_slab":12,"minecraft:farmland":7,"minecraft:bamboo":907,"minecraft:torch":9,"minecraft:cobblestone":23,"minecraft:dirt":51,"minecraft:red_stained_glass_pane":16,"minecraft:dolphin_spawn_egg":3,"minecraft:cod_spawn_egg":5,"minecraft:sand":1,"minecraft:red_nether_brick_slab":15,"minecraft:oak_slab":3,"minecraft:tnt":28,"minecraft:furnace":6,"minecraft:salmon_spawn_egg":3,"minecraft:jungle_planks":92,"minecraft:crimson_door":1,"minecraft:jungle_slab":15,"minecraft:chain":4,"minecraft:note_block":2,"minecraft:lingering_potion":22,"minecraft:smoker":3,"minecraft:bone_meal":607,"minecraft:turtle_egg":1,"minecraft:jukebox":7,"minecraft:pillager_spawn_egg":1,"minecraft:honey_bottle":10}},"DataVersion":2578}