{"stats":{"minecraft:picked_up":{"minecraft:writable_book":1},"minecraft:custom":{"minecraft:jump":67,"minecraft:open_chest":3,"minecraft:time_since_rest":17981,"minecraft:interact_with_furnace":3,"minecraft:crouch_one_cm":49,"minecraft:sprint_one_cm":2989,"minecraft:play_time":17981,"minecraft:time_since_death":17981,"minecraft:walk_one_cm":26212,"minecraft:sneak_time":417,"minecraft:climb_one_cm":48,"minecraft:total_world_time":17981,"minecraft:drop":1,"minecraft:fly_one_cm":328672,"minecraft:aviate_one_cm":947647},"minecraft:used":{"minecraft:elytra":1,"minecraft:writable_book":1,"minecraft:firework_rocket":77},"minecraft:dropped":{"minecraft:writable_book":1}},"DataVersion":3955}