{"stats":{"minecraft:killed_by":{"minecraft:player":3},"minecraft:custom":{"minecraft:time_since_rest":114753,"minecraft:sprint_one_cm":22306,"minecraft:walk_one_cm":137538,"minecraft:damage_taken":942,"minecraft:interact_with_anvil":7,"minecraft:drop":12,"minecraft:damage_dealt":46,"minecraft:swim_one_cm":486,"minecraft:talked_to_villager":1,"minecraft:fly_one_cm":2024101,"minecraft:open_chest":3,"minecraft:crouch_one_cm":46,"minecraft:play_time":142570,"minecraft:deaths":3,"minecraft:sneak_time":1564,"minecraft:walk_under_water_one_cm":6890,"minecraft:aviate_one_cm":2177664,"minecraft:jump":362,"minecraft:leave_game":1,"minecraft:time_since_death":114483,"minecraft:walk_on_water_one_cm":1394,"minecraft:enchant_item":11,"minecraft:sleep_in_bed":1,"minecraft:total_world_time":142570,"minecraft:climb_one_cm":1924,"minecraft:fall_one_cm":7115},"minecraft:dropped":{"minecraft:spruce_trapdoor":1,"minecraft:poisonous_potato":10,"minecraft:firework_rocket":1},"minecraft:picked_up":{"minecraft:ominous_bottle":1,"minecraft:anvil":2,"minecraft:pig_spawn_egg":2,"minecraft:diamond_sword":2,"minecraft:enchanted_book":18,"minecraft:trident":2,"minecraft:wind_charge":3,"minecraft:yellow_banner":4,"minecraft:bow":1,"minecraft:diamond_boots":12,"minecraft:trial_key":1,"minecraft:diamond_helmet":2,"minecraft:spruce_trapdoor":1},"minecraft:used":{"minecraft:waxed_oxidized_copper_door":1,"minecraft:waxed_exposed_copper_door":2,"minecraft:waxed_oxidized_copper_grate":2,"minecraft:enchanting_table":1,"minecraft:diamond_boots":1,"minecraft:firework_rocket":203,"minecraft:grass_block":163,"minecraft:pig_spawn_egg":1,"minecraft:elytra":1,"minecraft:stone":29,"minecraft:spruce_trapdoor":1,"minecraft:stone_bricks":142,"minecraft:deepslate_bricks":2,"minecraft:trial_key":1,"minecraft:diamond_sword":1,"minecraft:anvil":5,"minecraft:bow":3,"minecraft:waxed_oxidized_copper_bulb":2}},"DataVersion":3955}