{"stats":{"minecraft:killed_by":{"minecraft:player":3},"minecraft:custom":{"minecraft:open_chest":2,"minecraft:time_since_rest":48753,"minecraft:play_time":76570,"minecraft:sprint_one_cm":15640,"minecraft:damage_taken":942,"minecraft:walk_one_cm":89043,"minecraft:deaths":3,"minecraft:sneak_time":958,"minecraft:walk_under_water_one_cm":6890,"minecraft:interact_with_anvil":7,"minecraft:drop":12,"minecraft:aviate_one_cm":820370,"minecraft:jump":177,"minecraft:damage_dealt":46,"minecraft:leave_game":1,"minecraft:walk_on_water_one_cm":1394,"minecraft:time_since_death":48483,"minecraft:sleep_in_bed":1,"minecraft:climb_one_cm":1307,"minecraft:total_world_time":76570,"minecraft:swim_one_cm":486,"minecraft:talked_to_villager":1,"minecraft:fall_one_cm":7115,"minecraft:fly_one_cm":950931},"minecraft:dropped":{"minecraft:spruce_trapdoor":1,"minecraft:poisonous_potato":10,"minecraft:firework_rocket":1},"minecraft:picked_up":{"minecraft:yellow_banner":4,"minecraft:anvil":2,"minecraft:pig_spawn_egg":2,"minecraft:diamond_sword":2,"minecraft:diamond_boots":12,"minecraft:enchanted_book":18,"minecraft:trident":2,"minecraft:diamond_helmet":2,"minecraft:spruce_trapdoor":1},"minecraft:used":{"minecraft:diamond_sword":1,"minecraft:firework_rocket":61,"minecraft:diamond_boots":1,"minecraft:anvil":5,"minecraft:elytra":1,"minecraft:pig_spawn_egg":1,"minecraft:spruce_trapdoor":1}},"DataVersion":3955}