{"stats":{"minecraft:killed_by":{"minecraft:player":2},"minecraft:custom":{"minecraft:time_since_rest":759,"minecraft:crouch_one_cm":416,"minecraft:play_time":14442,"minecraft:walk_one_cm":22998,"minecraft:damage_taken":463,"minecraft:deaths":4,"minecraft:sneak_time":964,"minecraft:drop":1,"minecraft:jump":74,"minecraft:damage_dealt":357,"minecraft:leave_game":1,"minecraft:time_since_death":726,"minecraft:total_world_time":14442,"minecraft:fly_one_cm":85204,"minecraft:player_kills":1},"minecraft:dropped":{"minecraft:fire_charge":1},"minecraft:picked_up":{"minecraft:mace":2,"minecraft:wind_charge":1},"minecraft:used":{"minecraft:redstone_torch":3,"minecraft:cow_spawn_egg":1,"minecraft:mace":12,"minecraft:flint_and_steel":2,"minecraft:waxed_weathered_copper_bulb":2,"minecraft:wind_charge":50,"minecraft:glow_lichen":11}},"DataVersion":3955}