{"stats":{"minecraft:picked_up":{"minecraft:dark_oak_planks":8,"minecraft:ladder":1,"minecraft:writable_book":1,"minecraft:stone_brick_stairs":2,"minecraft:glowstone_dust":31},"minecraft:custom":{"minecraft:time_since_rest":35684,"minecraft:open_chest":3,"minecraft:play_time":35684,"minecraft:crouch_one_cm":49,"minecraft:interact_with_furnace":3,"minecraft:sprint_one_cm":2989,"minecraft:walk_one_cm":31789,"minecraft:sneak_time":1387,"minecraft:mob_kills":19,"minecraft:drop":1,"minecraft:aviate_one_cm":1323030,"minecraft:jump":105,"minecraft:damage_dealt":230,"minecraft:leave_game":1,"minecraft:time_since_death":35684,"minecraft:total_world_time":35684,"minecraft:climb_one_cm":48,"minecraft:talked_to_villager":6,"minecraft:fly_one_cm":634688},"minecraft:killed":{"minecraft:donkey":2,"minecraft:villager":17},"minecraft:used":{"minecraft:trident":9,"minecraft:writable_book":1,"minecraft:firework_rocket":208,"minecraft:flint_and_steel":15,"minecraft:tnt":68,"minecraft:elytra":1},"minecraft:dropped":{"minecraft:writable_book":1}},"DataVersion":3955}