{"stats":{"minecraft:killed_by":{"minecraft:player":1},"minecraft:custom":{"minecraft:jump":54,"minecraft:time_since_rest":83,"minecraft:damage_dealt":280,"minecraft:crouch_one_cm":416,"minecraft:deaths":1,"minecraft:play_time":5975,"minecraft:damage_taken":238,"minecraft:time_since_death":54,"minecraft:walk_one_cm":12151,"minecraft:sneak_time":771,"minecraft:total_world_time":5975,"minecraft:player_kills":1,"minecraft:fly_one_cm":14390},"minecraft:picked_up":{"minecraft:wind_charge":1},"minecraft:used":{"minecraft:mace":5,"minecraft:wind_charge":49}},"DataVersion":3955}