{"stats":{"minecraft:crafted":{"minecraft:oak_planks":72,"minecraft:stone_shovel":1,"minecraft:furnace":3,"minecraft:oak_trapdoor":2,"minecraft:iron_boots":1,"minecraft:stone_pickaxe":2,"minecraft:crafting_table":2,"minecraft:wooden_pickaxe":1,"minecraft:iron_helmet":1,"minecraft:iron_sword":2,"minecraft:cooked_salmon":47,"minecraft:birch_planks":4,"minecraft:stone_axe":1,"minecraft:air":0,"minecraft:iron_chestplate":1,"minecraft:shield":1,"minecraft:stick":40,"minecraft:iron_ingot":66,"minecraft:iron_pickaxe":2,"minecraft:stone_sword":1,"minecraft:gold_ingot":23,"minecraft:iron_leggings":1,"minecraft:torch":92,"minecraft:firework_rocket":63},"minecraft:killed":{"minecraft:spider":3,"minecraft:skeleton":12,"minecraft:chicken":1,"minecraft:drowned":1,"minecraft:zombie_villager":5,"minecraft:salmon":57,"minecraft:creeper":3,"minecraft:trader_llama":1,"minecraft:zombie":15},"minecraft:dropped":{"minecraft:iron_ingot":2,"minecraft:iron_sword":2,"minecraft:soul_sand":1,"minecraft:loom":1,"minecraft:light_gray_stained_glass_pane":1,"minecraft:cobblestone":12,"minecraft:polished_blackstone_button":1,"minecraft:grass_block":1,"minecraft:stick":2,"minecraft:dirt":1,"minecraft:torch":6,"minecraft:chain":1,"minecraft:bone_meal":1,"minecraft:string":2,"minecraft:oak_trapdoor":1,"minecraft:shroomlight":1,"minecraft:gunpowder":3,"minecraft:glowstone":1,"minecraft:iron_bars":1,"minecraft:oak_leaves":1},"minecraft:mined":{"minecraft:diamond_ore":14,"minecraft:granite":28,"minecraft:grass_block":7,"minecraft:tall_seagrass":1,"minecraft:redstone_ore":17,"minecraft:oak_trapdoor":1,"minecraft:furnace":10,"minecraft:iron_ore":105,"minecraft:andesite":37,"minecraft:stripped_spruce_log":1,"minecraft:stone":389,"minecraft:gray_concrete":1,"minecraft:soul_sand":1,"minecraft:crafting_table":7,"minecraft:torch":5,"minecraft:cobblestone":18,"minecraft:lapis_ore":9,"minecraft:diorite":24,"minecraft:wall_torch":8,"minecraft:seagrass":2,"minecraft:grass":3,"minecraft:oak_log":33,"minecraft:coal_ore":202,"minecraft:gravel":6,"minecraft:dirt":43,"minecraft:gold_ore":43,"minecraft:oak_leaves":8},"minecraft:custom":{"minecraft:mob_kills":99,"minecraft:interact_with_crafting_table":27,"minecraft:open_barrel":4,"minecraft:leave_game":36,"minecraft:time_since_death":23436,"minecraft:climb_one_cm":580,"minecraft:sprint_one_cm":355293,"minecraft:walk_one_cm":664190,"minecraft:damage_blocked_by_shield":995,"minecraft:drop":23,"minecraft:talked_to_villager":2,"minecraft:deaths":15,"minecraft:sneak_time":11331,"minecraft:walk_under_water_one_cm":42172,"minecraft:jump":2579,"minecraft:walk_on_water_one_cm":30977,"minecraft:interact_with_furnace":78,"minecraft:play_one_minute":347340,"minecraft:pot_flower":9,"minecraft:time_since_rest":23460,"minecraft:damage_taken":4787,"minecraft:damage_dealt":10151,"minecraft:swim_one_cm":58790,"minecraft:fly_one_cm":1505743,"minecraft:open_chest":24,"minecraft:crouch_one_cm":15960,"minecraft:aviate_one_cm":763468,"minecraft:interact_with_smoker":1,"minecraft:fall_one_cm":74143,"minecraft:inspect_dispenser":1},"minecraft:killed_by":{"minecraft:creeper":1,"minecraft:skeleton":1,"minecraft:zombie":2},"minecraft:broken":{"minecraft:stone_pickaxe":2,"minecraft:iron_pickaxe":2},"minecraft:picked_up":{"minecraft:seagrass":2,"minecraft:crafting_table":10,"minecraft:iron_chestplate":3,"minecraft:chicken":3,"minecraft:flower_pot":1,"minecraft:wooden_pickaxe":3,"minecraft:oak_stairs":1,"minecraft:potion":1,"minecraft:shield":3,"minecraft:polished_blackstone_brick_stairs":1,"minecraft:string":4,"minecraft:oak_trapdoor":4,"minecraft:elytra":1,"minecraft:cooked_salmon":127,"minecraft:flint_and_steel":1,"minecraft:iron_leggings":3,"minecraft:shroomlight":1,"minecraft:respawn_anchor":1,"minecraft:netherite_sword":1,"minecraft:poppy":2,"minecraft:iron_pickaxe":4,"minecraft:spruce_slab":1,"minecraft:iron_boots":1,"minecraft:furnace":15,"minecraft:stick":8,"minecraft:stone":1,"minecraft:oak_fence":1,"minecraft:torch":90,"minecraft:diorite":89,"minecraft:redstone":226,"minecraft:zombified_piglin_spawn_egg":1,"minecraft:light_gray_stained_glass_pane":1,"minecraft:rotten_flesh":84,"minecraft:arrow":45,"minecraft:stone_sword":3,"minecraft:cactus":2,"minecraft:stone_shovel":3,"minecraft:shears":1,"minecraft:carved_pumpkin":65,"minecraft:glowstone":2,"minecraft:gold_ingot":44,"minecraft:iron_bars":1,"minecraft:cobblestone":1090,"minecraft:birch_log":1,"minecraft:iron_door":4,"minecraft:andesite":150,"minecraft:salmon":56,"minecraft:leather":2,"minecraft:flint":4,"minecraft:oak_log":78,"minecraft:gunpowder":7,"minecraft:lantern":10,"minecraft:lapis_lazuli":106,"minecraft:gray_concrete":1,"minecraft:dirt":369,"minecraft:name_tag":1,"minecraft:glass":1,"minecraft:bone":32,"minecraft:wheat_seeds":3,"minecraft:iron_ingot":44,"minecraft:iron_ore":109,"minecraft:bamboo":1,"minecraft:iron_sword":4,"minecraft:oak_planks":7,"minecraft:soul_sand":1,"minecraft:stone_brick_slab":1,"minecraft:dandelion":9,"minecraft:gravel":10,"minecraft:stripped_spruce_log":1,"minecraft:grass_block":1,"minecraft:dead_bush":2,"minecraft:gold_ore":44,"minecraft:firework_rocket":1,"minecraft:diamond":49,"minecraft:slime_block":64,"minecraft:stone_axe":3,"minecraft:polished_blackstone_button":1,"minecraft:iron_helmet":3,"minecraft:granite":112,"minecraft:bone_meal":1,"minecraft:oak_sapling":2,"minecraft:coal":444,"minecraft:oak_leaves":2},"minecraft:used":{"minecraft:oak_fence":59,"minecraft:oak_trapdoor":32,"minecraft:netherite_sword":15,"minecraft:polished_blackstone_brick_slab":11,"minecraft:iron_bars":5,"minecraft:white_tulip":1,"minecraft:light_gray_stained_glass_pane":76,"minecraft:flint_and_steel":1,"minecraft:spruce_slab":1,"minecraft:stone_shovel":50,"minecraft:oak_sign":4,"minecraft:polished_basalt":45,"minecraft:spruce_planks":75,"minecraft:shield":24,"minecraft:iron_sword":179,"minecraft:stone":102,"minecraft:cooked_salmon":22,"minecraft:oak_door":1,"minecraft:torch":105,"minecraft:dirt":93,"minecraft:lily_of_the_valley":3,"minecraft:spruce_stairs":70,"minecraft:allium":1,"minecraft:stripped_spruce_log":1,"minecraft:shroomlight":2,"minecraft:dark_oak_planks":6,"minecraft:glass":10,"minecraft:stone_brick_slab":410,"minecraft:bricks":1,"minecraft:light_gray_stained_glass":72,"minecraft:villager_spawn_egg":4,"minecraft:black_stained_glass_pane":1,"minecraft:lantern":40,"minecraft:blue_orchid":2,"minecraft:grass_block":197,"minecraft:oak_stairs":175,"minecraft:slime_block":13,"minecraft:dark_oak_wood":5,"minecraft:polished_blackstone_brick_stairs":28,"minecraft:dark_oak_slab":77,"minecraft:stone_brick_stairs":195,"minecraft:stone_bricks":122,"minecraft:glowstone":30,"minecraft:basalt":5,"minecraft:tall_grass":1,"minecraft:oak_sapling":1,"minecraft:furnace":13,"minecraft:observer":10,"minecraft:stripped_spruce_wood":81,"minecraft:dark_oak_stairs":11,"minecraft:water_bucket":3,"minecraft:stone_pickaxe":262,"minecraft:oak_planks":78,"minecraft:orange_tulip":1,"minecraft:wooden_pickaxe":12,"minecraft:polished_blackstone_bricks":54,"minecraft:oak_leaves":34,"minecraft:respawn_anchor":3,"minecraft:oak_slab":11,"minecraft:crafting_table":9,"minecraft:loom":2,"minecraft:stone_brick_wall":26,"minecraft:gray_concrete":1,"minecraft:spruce_log":35,"minecraft:birch_fence":13,"minecraft:oak_log":46,"minecraft:sticky_piston":5,"minecraft:flower_pot":7,"minecraft:cornflower":6,"minecraft:firework_rocket":5,"minecraft:birch_fence_gate":3,"minecraft:dark_oak_log":2,"minecraft:chicken":1,"minecraft:iron_pickaxe":624,"minecraft:stone_button":7,"minecraft:stone_axe":21,"minecraft:potion":1,"minecraft:cobblestone":133,"minecraft:white_stained_glass":5,"minecraft:grass_path":79,"minecraft:chain":25,"minecraft:glass_pane":1,"minecraft:polished_blackstone_button":3,"minecraft:dandelion":3,"minecraft:bone_meal":50}},"DataVersion":2578}