{"eroxified2:core/installed_packs":{"criteria":{"requirement":"2024-10-02 13:44:39 +0000"},"done":true},"eroxified2:core/success":{"criteria":{"requirement":"2024-10-02 13:44:39 +0000"},"done":true},"mcpaint:installed":{"criteria":{"requirement":"2024-10-02 13:44:39 +0000"},"done":true},"eroxified2:core/root":{"criteria":{"requirement":"2024-10-02 13:44:39 +0000"},"done":true},"eroxified2:core/links":{"criteria":{"requirement":"2024-10-02 13:44:39 +0000"},"done":true},"eroxified2:item.throwable/stopsound/lingering_potion":{"criteria":{"requirement":"2024-10-02 13:44:39 +0000"},"done":true},"minecraft:recipes/decorations/crafting_table":{"criteria":{"unlock_right_away":"2024-10-02 13:44:39 +0000"},"done":true},"automaticons:progression/root":{"criteria":{"requirement":"2024-10-02 13:44:39 +0000"},"done":true},"minecraft:adventure/adventuring_time":{"criteria":{"minecraft:taiga":"2024-10-02 13:44:40 +0000"},"done":false},"eroxified2:core/info":{"criteria":{"requirement":"2024-10-02 13:44:39 +0000"},"done":true},"DataVersion":3955}