{"minecraft:recipes/building_blocks/stone_bricks":{"criteria":{"has_stone":"2024-09-30 13:55:51 +0000"},"done":true},"minecraft:recipes/combat/leather_helmet":{"criteria":{"has_leather":"2024-09-30 13:03:06 +0000"},"done":true},"automaticons:progression/repair":{"criteria":{"requirement":"2024-09-30 12:58:31 +0000"},"done":true},"minecraft:recipes/decorations/ladder":{"criteria":{"has_stick":"2024-09-30 13:16:06 +0000"},"done":true},"minecraft:recipes/transportation/mangrove_boat":{"criteria":{"in_water":"2024-09-30 13:01:00 +0000"},"done":true},"nova_structures:root":{"criteria":{"nova_structures:adventure/find_tavern":"2024-09-30 13:06:39 +0000"},"done":true},"minecraft:recipes/building_blocks/stone_brick_slab_from_stone_stonecutting":{"criteria":{"has_stone":"2024-09-30 13:55:51 +0000"},"done":true},"minecraft:recipes/food/cake":{"criteria":{"has_egg":"2024-09-30 13:17:32 +0000"},"done":true},"minecraft:recipes/combat/leather_leggings":{"criteria":{"has_leather":"2024-09-30 13:03:06 +0000"},"done":true},"minecraft:recipes/building_blocks/stone_brick_stairs_from_stone_stonecutting":{"criteria":{"has_stone":"2024-09-30 13:55:51 +0000"},"done":true},"minecraft:recipes/misc/light_gray_dye_from_azure_bluet":{"criteria":{"has_azure_bluet":"2024-09-30 13:33:08 +0000"},"done":true},"minecraft:recipes/misc/iron_nugget_from_smelting":{"criteria":{"has_iron_pickaxe":"2024-09-30 12:57:30 +0000"},"done":true},"minecraft:recipes/food/cooked_mutton_from_smoking":{"criteria":{"has_mutton":"2024-09-30 13:11:43 +0000"},"done":true},"minecraft:recipes/building_blocks/oak_slab":{"criteria":{"has_planks":"2024-09-30 13:16:12 +0000"},"done":true},"eroxified2:core/installed_packs":{"criteria":{"requirement":"2024-09-30 12:56:29 +0000"},"done":true},"minecraft:recipes/tools/golden_axe":{"criteria":{"has_gold_ingot":"2024-09-30 13:01:41 +0000"},"done":true},"mcpaint:guide/root":{"criteria":{"requirement":"2024-09-30 12:57:29 +0000"},"done":true},"minecraft:story/iron_tools":{"criteria":{"iron_pickaxe":"2024-09-30 12:57:30 +0000"},"done":true},"eroxified2:core/success":{"criteria":{"requirement":"2024-09-30 12:56:29 +0000"},"done":true},"minecraft:recipes/decorations/oak_sign":{"criteria":{"has_planks":"2024-09-30 13:16:12 +0000"},"done":true},"minecraft:recipes/redstone/oak_trapdoor":{"criteria":{"has_planks":"2024-09-30 13:16:12 +0000"},"done":true},"minecraft:recipes/tools/golden_pickaxe":{"criteria":{"has_gold_ingot":"2024-09-30 13:01:41 +0000"},"done":true},"mcpaint:installed":{"criteria":{"requirement":"2024-09-30 12:56:29 +0000"},"done":true},"minecraft:recipes/food/cooked_mutton":{"criteria":{"has_mutton":"2024-09-30 13:11:43 +0000"},"done":true},"nova_structures:adventure/find_tavern":{"criteria":{"nova_structures:tavern_oak":"2024-09-30 13:06:39 +0000"},"done":true},"minecraft:recipes/decorations/campfire":{"criteria":{"has_stick":"2024-09-30 13:16:06 +0000"},"done":true},"minecraft:recipes/building_blocks/stone_slab_from_stone_stonecutting":{"criteria":{"has_stone":"2024-09-30 13:55:51 +0000"},"done":true},"minecraft:recipes/misc/gold_nugget":{"criteria":{"has_gold_ingot":"2024-09-30 13:01:41 +0000"},"done":true},"minecraft:recipes/tools/wooden_hoe":{"criteria":{"has_stick":"2024-09-30 13:16:06 +0000"},"done":true},"minecraft:recipes/decorations/white_banner":{"criteria":{"has_white_wool":"2024-09-30 13:11:43 +0000"},"done":true},"eroxified2:core/root":{"criteria":{"requirement":"2024-09-30 12:56:29 +0000"},"done":true},"minecraft:recipes/tools/golden_shovel":{"criteria":{"has_gold_ingot":"2024-09-30 13:01:41 +0000"},"done":true},"minecraft:recipes/combat/bow":{"criteria":{"has_string":"2024-09-30 13:03:09 +0000"},"done":true},"minecraft:recipes/redstone/oak_fence_gate":{"criteria":{"has_planks":"2024-09-30 13:16:12 +0000"},"done":true},"minecraft:recipes/misc/charcoal":{"criteria":{"has_log":"2024-09-30 13:13:28 +0000"},"done":true},"minecraft:recipes/tools/wooden_pickaxe":{"criteria":{"has_stick":"2024-09-30 13:16:06 +0000"},"done":true},"minecraft:recipes/food/golden_apple":{"criteria":{"has_gold_ingot":"2024-09-30 13:01:41 +0000"},"done":true},"minecraft:recipes/decorations/item_frame":{"criteria":{"has_leather":"2024-09-30 13:03:06 +0000"},"done":true},"minecraft:recipes/combat/golden_boots":{"criteria":{"has_gold_ingot":"2024-09-30 13:01:41 +0000"},"done":true},"minecraft:recipes/tools/wooden_axe":{"criteria":{"has_stick":"2024-09-30 13:16:06 +0000"},"done":true},"minecraft:recipes/building_blocks/stone_bricks_from_stone_stonecutting":{"criteria":{"has_stone":"2024-09-30 13:55:51 +0000"},"done":true},"minecraft:recipes/decorations/painting":{"criteria":{"has_wool":"2024-09-30 13:11:43 +0000"},"done":true},"eroxified2:core/links":{"criteria":{"requirement":"2024-09-30 12:56:29 +0000"},"done":true},"minecraft:recipes/building_blocks/stone_slab":{"criteria":{"has_stone":"2024-09-30 13:55:51 +0000"},"done":true},"minecraft:recipes/combat/golden_helmet":{"criteria":{"has_gold_ingot":"2024-09-30 13:01:41 +0000"},"done":true},"minecraft:recipes/redstone/oak_pressure_plate":{"criteria":{"has_planks":"2024-09-30 13:16:12 +0000"},"done":true},"minecraft:recipes/combat/leather_chestplate":{"criteria":{"has_leather":"2024-09-30 13:03:06 +0000"},"done":true},"minecraft:recipes/redstone/oak_door":{"criteria":{"has_planks":"2024-09-30 13:16:12 +0000"},"done":true},"eroxified2:item.throwable/stopsound/lingering_potion":{"criteria":{"requirement":"2024-09-30 12:56:29 +0000"},"done":true},"minecraft:recipes/tools/fishing_rod":{"criteria":{"has_string":"2024-09-30 13:03:09 +0000"},"done":true},"minecraft:recipes/food/cooked_mutton_from_campfire_cooking":{"criteria":{"has_mutton":"2024-09-30 13:11:43 +0000"},"done":true},"keylock:recipe":{"criteria":{"has_gold_ingot":"2024-09-30 13:01:41 +0000"},"done":true},"minecraft:recipes/decorations/crafting_table":{"criteria":{"unlock_right_away":"2024-09-30 12:56:29 +0000"},"done":true},"minecraft:recipes/combat/golden_sword":{"criteria":{"has_gold_ingot":"2024-09-30 13:01:41 +0000"},"done":true},"minecraft:recipes/decorations/chest":{"criteria":{"has_lots_of_items":"2024-09-30 13:02:03 +0000"},"done":true},"minecraft:recipes/building_blocks/chiseled_stone_bricks_stone_from_stonecutting":{"criteria":{"has_stone":"2024-09-30 13:55:51 +0000"},"done":true},"minecraft:recipes/tools/wooden_shovel":{"criteria":{"has_stick":"2024-09-30 13:16:06 +0000"},"done":true},"minecraft:recipes/misc/stick":{"criteria":{"has_planks":"2024-09-30 13:16:12 +0000"},"done":true},"automaticons:progression/root":{"criteria":{"requirement":"2024-09-30 12:56:29 +0000"},"done":true},"minecraft:recipes/building_blocks/stone_stairs_from_stone_stonecutting":{"criteria":{"has_stone":"2024-09-30 13:55:51 +0000"},"done":true},"minecraft:recipes/building_blocks/gold_block":{"criteria":{"has_gold_ingot":"2024-09-30 13:01:41 +0000"},"done":true},"minecraft:recipes/decorations/armor_stand":{"criteria":{"has_stone_slab":"2024-09-30 12:57:36 +0000"},"done":true},"minecraft:recipes/building_blocks/oak_stairs":{"criteria":{"has_planks":"2024-09-30 13:16:12 +0000"},"done":true},"minecraft:recipes/transportation/acacia_boat":{"criteria":{"in_water":"2024-09-30 13:01:00 +0000"},"done":true},"minecraft:recipes/transportation/cherry_boat":{"criteria":{"in_water":"2024-09-30 13:01:00 +0000"},"done":true},"minecraft:adventure/root":{"criteria":{"killed_something":"2024-09-30 13:11:42 +0000"},"done":true},"minecraft:recipes/building_blocks/white_wool_from_string":{"criteria":{"has_string":"2024-09-30 13:03:09 +0000"},"done":true},"minecraft:adventure/kill_all_mobs":{"criteria":{"minecraft:zombie":"2024-09-30 13:37:31 +0000","minecraft:creeper":"2024-09-30 13:38:28 +0000","minecraft:zombie_villager":"2024-09-30 13:37:36 +0000"},"done":false},"minecraft:recipes/decorations/oak_fence":{"criteria":{"has_planks":"2024-09-30 13:16:12 +0000"},"done":true},"minecraft:recipes/combat/golden_chestplate":{"criteria":{"has_gold_ingot":"2024-09-30 13:01:41 +0000"},"done":true},"minecraft:recipes/misc/yellow_dye_from_dandelion":{"criteria":{"has_dandelion":"2024-09-30 13:42:12 +0000"},"done":true},"minecraft:recipes/combat/wooden_sword":{"criteria":{"has_stick":"2024-09-30 13:16:06 +0000"},"done":true},"minecraft:recipes/building_blocks/oak_planks":{"criteria":{"has_logs":"2024-09-30 13:13:28 +0000"},"done":true},"minecraft:recipes/redstone/tripwire_hook":{"criteria":{"has_string":"2024-09-30 13:03:09 +0000"},"done":true},"minecraft:recipes/redstone/stone_button":{"criteria":{"has_stone":"2024-09-30 13:55:51 +0000"},"done":true},"minecraft:recipes/combat/crossbow":{"criteria":{"has_string":"2024-09-30 13:03:09 +0000"},"done":true},"minecraft:recipes/misc/iron_nugget_from_blasting":{"criteria":{"has_iron_pickaxe":"2024-09-30 12:57:30 +0000"},"done":true},"minecraft:adventure/kill_a_mob":{"criteria":{"minecraft:zombie":"2024-09-30 13:37:31 +0000"},"done":true},"minecraft:recipes/decorations/stonecutter":{"criteria":{"has_stone":"2024-09-30 13:55:51 +0000"},"done":true},"minecraft:adventure/adventuring_time":{"criteria":{"minecraft:old_growth_birch_forest":"2024-09-30 13:04:41 +0000","minecraft:beach":"2024-09-30 13:06:23 +0000","minecraft:forest":"2024-09-30 13:04:19 +0000","minecraft:taiga":"2024-09-30 12:56:29 +0000","minecraft:river":"2024-09-30 12:59:03 +0000","minecraft:grove":"2024-09-30 13:04:36 +0000","minecraft:meadow":"2024-09-30 13:03:55 +0000","minecraft:birch_forest":"2024-09-30 13:04:48 +0000","minecraft:dripstone_caves":"2024-09-30 13:01:55 +0000","minecraft:plains":"2024-09-30 13:06:44 +0000"},"done":false},"minecraft:recipes/transportation/bamboo_raft":{"criteria":{"in_water":"2024-09-30 13:01:00 +0000"},"done":true},"minecraft:recipes/decorations/barrel":{"criteria":{"has_planks":"2024-09-30 13:16:12 +0000"},"done":true},"minecraft:recipes/redstone/stone_pressure_plate":{"criteria":{"has_stone":"2024-09-30 13:55:51 +0000"},"done":true},"minecraft:recipes/combat/leather_boots":{"criteria":{"has_leather":"2024-09-30 13:03:06 +0000"},"done":true},"minecraft:recipes/misc/raw_iron":{"criteria":{"has_raw_iron_block":"2024-09-30 12:57:29 +0000"},"done":true},"minecraft:recipes/building_blocks/stripped_oak_wood":{"criteria":{"has_log":"2024-09-30 13:13:28 +0000"},"done":true},"minecraft:recipes/decorations/white_bed":{"criteria":{"has_white_wool":"2024-09-30 13:11:43 +0000"},"done":true},"minecraft:recipes/decorations/candle":{"criteria":{"has_string":"2024-09-30 13:03:09 +0000"},"done":true},"minecraft:recipes/tools/golden_hoe":{"criteria":{"has_gold_ingot":"2024-09-30 13:01:41 +0000"},"done":true},"minecraft:recipes/building_blocks/smooth_stone":{"criteria":{"has_stone":"2024-09-30 13:55:51 +0000"},"done":true},"minecraft:recipes/transportation/spruce_boat":{"criteria":{"in_water":"2024-09-30 13:01:00 +0000"},"done":true},"minecraft:recipes/misc/firework_rocket_simple":{"criteria":{"has_gunpowder":"2024-09-30 13:38:29 +0000"},"done":true},"minecraft:recipes/decorations/oak_hanging_sign":{"criteria":{"has_stripped_logs":"2024-09-30 13:13:28 +0000"},"done":true},"minecraft:recipes/misc/leather_horse_armor":{"criteria":{"has_leather":"2024-09-30 13:03:06 +0000"},"done":true},"minecraft:recipes/redstone/tnt":{"criteria":{"has_gunpowder":"2024-09-30 13:38:29 +0000"},"done":true},"minecraft:recipes/transportation/birch_boat":{"criteria":{"in_water":"2024-09-30 13:01:00 +0000"},"done":true},"minecraft:recipes/decorations/white_carpet":{"criteria":{"has_white_wool":"2024-09-30 13:11:43 +0000"},"done":true},"minecraft:recipes/transportation/oak_boat":{"criteria":{"in_water":"2024-09-30 13:01:00 +0000"},"done":true},"minecraft:recipes/decorations/loom":{"criteria":{"has_string":"2024-09-30 13:03:09 +0000"},"done":true},"minecraft:recipes/redstone/light_weighted_pressure_plate":{"criteria":{"has_gold_ingot":"2024-09-30 13:01:41 +0000"},"done":true},"minecraft:story/root":{"criteria":{"crafting_table":"2024-09-30 12:57:38 +0000"},"done":true},"mcpaint:guide/apply_egg":{"criteria":{"requirement":"2024-09-30 13:17:38 +0000"},"done":true},"minecraft:recipes/redstone/oak_button":{"criteria":{"has_planks":"2024-09-30 13:16:12 +0000"},"done":true},"automaticons:progression/obtain":{"criteria":{"iron_pickaxe":"2024-09-30 12:57:50 +0000"},"done":false},"minecraft:recipes/transportation/jungle_boat":{"criteria":{"in_water":"2024-09-30 13:01:00 +0000"},"done":true},"eroxified2:core/info":{"criteria":{"requirement":"2024-09-30 12:56:29 +0000"},"done":true},"minecraft:recipes/decorations/stone_brick_walls_from_stone_stonecutting":{"criteria":{"has_stone":"2024-09-30 13:55:51 +0000"},"done":true},"minecraft:recipes/transportation/dark_oak_boat":{"criteria":{"in_water":"2024-09-30 13:01:00 +0000"},"done":true},"minecraft:recipes/combat/golden_leggings":{"criteria":{"has_gold_ingot":"2024-09-30 13:01:41 +0000"},"done":true},"minecraft:recipes/building_blocks/stone_stairs":{"criteria":{"has_stone":"2024-09-30 13:55:51 +0000"},"done":true},"DataVersion":3955}