{"minecraft:recipes/redstone/lever":{"criteria":{"has_cobblestone":"2024-09-28 19:43:17 +0000"},"done":true},"minecraft:recipes/decorations/brick_wall":{"criteria":{"has_bricks":"2024-09-28 20:02:17 +0000"},"done":true},"minecraft:recipes/transportation/mangrove_boat":{"criteria":{"in_water":"2024-09-28 19:46:53 +0000"},"done":true},"minecraft:recipes/building_blocks/brick_stairs":{"criteria":{"has_bricks":"2024-09-28 20:02:17 +0000"},"done":true},"minecraft:recipes/building_blocks/oak_slab":{"criteria":{"has_planks":"2024-09-28 19:56:47 +0000"},"done":true},"minecraft:recipes/decorations/oak_sign":{"criteria":{"has_planks":"2024-09-28 19:56:47 +0000"},"done":true},"minecraft:recipes/redstone/oak_trapdoor":{"criteria":{"has_planks":"2024-09-28 19:56:47 +0000"},"done":true},"minecraft:recipes/combat/stone_sword":{"criteria":{"has_cobblestone":"2024-09-28 19:43:17 +0000"},"done":true},"minecraft:recipes/decorations/cobblestone_wall":{"criteria":{"has_cobblestone":"2024-09-28 19:43:17 +0000"},"done":true},"minecraft:recipes/tools/stone_pickaxe":{"criteria":{"has_cobblestone":"2024-09-28 19:43:17 +0000"},"done":true},"minecraft:recipes/building_blocks/brick_slab":{"criteria":{"has_bricks":"2024-09-28 20:02:17 +0000"},"done":true},"minecraft:recipes/tools/stone_axe":{"criteria":{"has_cobblestone":"2024-09-28 19:43:17 +0000"},"done":true},"minecraft:recipes/redstone/oak_fence_gate":{"criteria":{"has_planks":"2024-09-28 19:56:47 +0000"},"done":true},"minecraft:story/mine_stone":{"criteria":{"get_stone":"2024-09-28 19:43:17 +0000"},"done":true},"minecraft:recipes/decorations/furnace":{"criteria":{"has_cobblestone":"2024-09-28 19:43:17 +0000"},"done":true},"minecraft:recipes/misc/charcoal":{"criteria":{"has_log":"2024-09-28 19:58:17 +0000"},"done":true},"minecraft:recipes/redstone/oak_pressure_plate":{"criteria":{"has_planks":"2024-09-28 19:56:47 +0000"},"done":true},"minecraft:recipes/building_blocks/brick_slab_from_bricks_stonecutting":{"criteria":{"has_bricks":"2024-09-28 20:02:17 +0000"},"done":true},"minecraft:recipes/redstone/oak_door":{"criteria":{"has_planks":"2024-09-28 19:56:47 +0000"},"done":true},"minecraft:recipes/building_blocks/brick_stairs_from_bricks_stonecutting":{"criteria":{"has_bricks":"2024-09-28 20:02:17 +0000"},"done":true},"minecraft:recipes/decorations/crafting_table":{"criteria":{"unlock_right_away":"2024-09-28 19:34:10 +0000"},"done":true},"minecraft:recipes/decorations/chest":{"criteria":{"has_lots_of_items":"2024-09-28 19:59:37 +0000"},"done":true},"minecraft:recipes/misc/stick":{"criteria":{"has_planks":"2024-09-28 19:56:47 +0000"},"done":true},"minecraft:recipes/building_blocks/cobblestone_slab":{"criteria":{"has_cobblestone":"2024-09-28 19:43:17 +0000"},"done":true},"minecraft:recipes/building_blocks/cobblestone_slab_from_cobblestone_stonecutting":{"criteria":{"has_cobblestone":"2024-09-28 19:43:17 +0000"},"done":true},"minecraft:recipes/building_blocks/oak_stairs":{"criteria":{"has_planks":"2024-09-28 19:56:47 +0000"},"done":true},"minecraft:recipes/transportation/acacia_boat":{"criteria":{"in_water":"2024-09-28 19:46:53 +0000"},"done":true},"minecraft:recipes/transportation/cherry_boat":{"criteria":{"in_water":"2024-09-28 19:46:53 +0000"},"done":true},"minecraft:adventure/root":{"criteria":{"killed_something":"2024-09-28 20:02:48 +0000"},"done":true},"minecraft:adventure/kill_all_mobs":{"criteria":{"minecraft:silverfish":"2024-09-28 20:02:48 +0000"},"done":false},"minecraft:recipes/decorations/brick_wall_from_bricks_stonecutting":{"criteria":{"has_bricks":"2024-09-28 20:02:17 +0000"},"done":true},"minecraft:recipes/decorations/oak_fence":{"criteria":{"has_planks":"2024-09-28 19:56:47 +0000"},"done":true},"minecraft:recipes/misc/red_dye_from_poppy":{"criteria":{"has_poppy":"2024-09-28 19:39:32 +0000"},"done":true},"minecraft:recipes/building_blocks/oak_planks":{"criteria":{"has_logs":"2024-09-28 19:58:17 +0000"},"done":true},"minecraft:recipes/building_blocks/glowstone":{"criteria":{"has_glowstone_dust":"2024-09-28 20:02:17 +0000"},"done":true},"minecraft:adventure/kill_a_mob":{"criteria":{"minecraft:silverfish":"2024-09-28 20:02:48 +0000"},"done":true},"minecraft:recipes/building_blocks/stone":{"criteria":{"has_cobblestone":"2024-09-28 19:43:17 +0000"},"done":true},"minecraft:adventure/adventuring_time":{"criteria":{"minecraft:flower_forest":"2024-09-28 19:36:27 +0000","minecraft:forest":"2024-09-28 19:35:53 +0000","minecraft:river":"2024-09-28 19:41:51 +0000","minecraft:dripstone_caves":"2024-09-28 19:42:05 +0000","minecraft:plains":"2024-09-28 19:34:11 +0000"},"done":false},"minecraft:recipes/transportation/bamboo_raft":{"criteria":{"in_water":"2024-09-28 19:46:53 +0000"},"done":true},"minecraft:recipes/decorations/barrel":{"criteria":{"has_planks":"2024-09-28 19:56:47 +0000"},"done":true},"minecraft:recipes/decorations/cobblestone_wall_from_cobblestone_stonecutting":{"criteria":{"has_cobblestone":"2024-09-28 19:43:17 +0000"},"done":true},"minecraft:recipes/building_blocks/stripped_oak_wood":{"criteria":{"has_log":"2024-09-28 19:58:17 +0000"},"done":true},"minecraft:recipes/building_blocks/cobblestone_stairs_from_cobblestone_stonecutting":{"criteria":{"has_cobblestone":"2024-09-28 19:43:17 +0000"},"done":true},"minecraft:recipes/transportation/spruce_boat":{"criteria":{"in_water":"2024-09-28 19:46:53 +0000"},"done":true},"minecraft:recipes/building_blocks/cobblestone_stairs":{"criteria":{"has_cobblestone":"2024-09-28 19:43:17 +0000"},"done":true},"minecraft:recipes/decorations/oak_hanging_sign":{"criteria":{"has_stripped_logs":"2024-09-28 19:58:17 +0000"},"done":true},"minecraft:recipes/transportation/birch_boat":{"criteria":{"in_water":"2024-09-28 19:46:53 +0000"},"done":true},"minecraft:recipes/tools/stone_hoe":{"criteria":{"has_cobblestone":"2024-09-28 19:43:17 +0000"},"done":true},"minecraft:recipes/combat/spectral_arrow":{"criteria":{"has_glowstone_dust":"2024-09-28 20:02:17 +0000"},"done":true},"minecraft:recipes/transportation/oak_boat":{"criteria":{"in_water":"2024-09-28 19:46:53 +0000"},"done":true},"minecraft:recipes/tools/stone_shovel":{"criteria":{"has_cobblestone":"2024-09-28 19:43:17 +0000"},"done":true},"minecraft:recipes/redstone/oak_button":{"criteria":{"has_planks":"2024-09-28 19:56:47 +0000"},"done":true},"minecraft:recipes/transportation/jungle_boat":{"criteria":{"in_water":"2024-09-28 19:46:53 +0000"},"done":true},"minecraft:recipes/transportation/dark_oak_boat":{"criteria":{"in_water":"2024-09-28 19:46:53 +0000"},"done":true},"DataVersion":3955}