{"eroxified2:item.throwable/stopsound/lingering_potion":{"criteria":{"requirement":"2024-09-30 12:56:29 +0000"},"done":true},"minecraft:recipes/decorations/crafting_table":{"criteria":{"unlock_right_away":"2024-09-30 12:56:29 +0000"},"done":true},"automaticons:progression/root":{"criteria":{"requirement":"2024-09-30 12:56:29 +0000"},"done":true},"minecraft:adventure/adventuring_time":{"criteria":{"minecraft:old_growth_birch_forest":"2024-09-30 13:04:41 +0000","minecraft:beach":"2024-09-30 13:06:23 +0000","minecraft:forest":"2024-09-30 13:04:19 +0000","minecraft:taiga":"2024-09-30 12:56:29 +0000","minecraft:river":"2024-09-30 12:59:03 +0000","minecraft:grove":"2024-09-30 13:04:36 +0000","minecraft:meadow":"2024-09-30 13:03:55 +0000","minecraft:birch_forest":"2024-09-30 13:04:48 +0000","minecraft:dripstone_caves":"2024-09-30 13:01:55 +0000","minecraft:plains":"2024-09-30 13:06:44 +0000"},"done":false},"mcpaint:guide/root":{"criteria":{"requirement":"2024-09-30 12:57:29 +0000"},"done":true},"minecraft:recipes/misc/raw_iron":{"criteria":{"has_raw_iron_block":"2024-09-30 12:57:29 +0000"},"done":true},"minecraft:recipes/misc/iron_nugget_from_smelting":{"criteria":{"has_iron_pickaxe":"2024-09-30 12:57:30 +0000"},"done":true},"minecraft:story/iron_tools":{"criteria":{"iron_pickaxe":"2024-09-30 12:57:30 +0000"},"done":true},"minecraft:recipes/misc/iron_nugget_from_blasting":{"criteria":{"has_iron_pickaxe":"2024-09-30 12:57:30 +0000"},"done":true},"minecraft:recipes/decorations/armor_stand":{"criteria":{"has_stone_slab":"2024-09-30 12:57:36 +0000"},"done":true},"minecraft:story/root":{"criteria":{"crafting_table":"2024-09-30 12:57:38 +0000"},"done":true},"automaticons:progression/obtain":{"criteria":{"iron_pickaxe":"2024-09-30 12:57:50 +0000"},"done":false},"automaticons:progression/repair":{"criteria":{"requirement":"2024-09-30 12:58:31 +0000"},"done":true},"minecraft:recipes/transportation/mangrove_boat":{"criteria":{"in_water":"2024-09-30 13:01:00 +0000"},"done":true},"minecraft:recipes/transportation/acacia_boat":{"criteria":{"in_water":"2024-09-30 13:01:00 +0000"},"done":true},"minecraft:recipes/transportation/cherry_boat":{"criteria":{"in_water":"2024-09-30 13:01:00 +0000"},"done":true},"minecraft:recipes/transportation/bamboo_raft":{"criteria":{"in_water":"2024-09-30 13:01:00 +0000"},"done":true},"minecraft:recipes/transportation/spruce_boat":{"criteria":{"in_water":"2024-09-30 13:01:00 +0000"},"done":true},"minecraft:recipes/transportation/birch_boat":{"criteria":{"in_water":"2024-09-30 13:01:00 +0000"},"done":true},"minecraft:recipes/transportation/oak_boat":{"criteria":{"in_water":"2024-09-30 13:01:00 +0000"},"done":true},"minecraft:recipes/transportation/jungle_boat":{"criteria":{"in_water":"2024-09-30 13:01:00 +0000"},"done":true},"minecraft:recipes/transportation/dark_oak_boat":{"criteria":{"in_water":"2024-09-30 13:01:00 +0000"},"done":true},"minecraft:recipes/tools/golden_axe":{"criteria":{"has_gold_ingot":"2024-09-30 13:01:41 +0000"},"done":true},"minecraft:recipes/tools/golden_pickaxe":{"criteria":{"has_gold_ingot":"2024-09-30 13:01:41 +0000"},"done":true},"minecraft:recipes/misc/gold_nugget":{"criteria":{"has_gold_ingot":"2024-09-30 13:01:41 +0000"},"done":true},"minecraft:recipes/tools/golden_shovel":{"criteria":{"has_gold_ingot":"2024-09-30 13:01:41 +0000"},"done":true},"minecraft:recipes/food/golden_apple":{"criteria":{"has_gold_ingot":"2024-09-30 13:01:41 +0000"},"done":true},"minecraft:recipes/combat/golden_boots":{"criteria":{"has_gold_ingot":"2024-09-30 13:01:41 +0000"},"done":true},"minecraft:recipes/combat/golden_helmet":{"criteria":{"has_gold_ingot":"2024-09-30 13:01:41 +0000"},"done":true},"keylock:recipe":{"criteria":{"has_gold_ingot":"2024-09-30 13:01:41 +0000"},"done":true},"minecraft:recipes/combat/golden_sword":{"criteria":{"has_gold_ingot":"2024-09-30 13:01:41 +0000"},"done":true},"minecraft:recipes/building_blocks/gold_block":{"criteria":{"has_gold_ingot":"2024-09-30 13:01:41 +0000"},"done":true},"minecraft:recipes/combat/golden_chestplate":{"criteria":{"has_gold_ingot":"2024-09-30 13:01:41 +0000"},"done":true},"minecraft:recipes/tools/golden_hoe":{"criteria":{"has_gold_ingot":"2024-09-30 13:01:41 +0000"},"done":true},"minecraft:recipes/redstone/light_weighted_pressure_plate":{"criteria":{"has_gold_ingot":"2024-09-30 13:01:41 +0000"},"done":true},"minecraft:recipes/combat/golden_leggings":{"criteria":{"has_gold_ingot":"2024-09-30 13:01:41 +0000"},"done":true},"minecraft:recipes/decorations/chest":{"criteria":{"has_lots_of_items":"2024-09-30 13:02:03 +0000"},"done":true},"minecraft:recipes/combat/leather_helmet":{"criteria":{"has_leather":"2024-09-30 13:03:06 +0000"},"done":true},"minecraft:recipes/combat/leather_leggings":{"criteria":{"has_leather":"2024-09-30 13:03:06 +0000"},"done":true},"minecraft:recipes/decorations/item_frame":{"criteria":{"has_leather":"2024-09-30 13:03:06 +0000"},"done":true},"minecraft:recipes/combat/leather_chestplate":{"criteria":{"has_leather":"2024-09-30 13:03:06 +0000"},"done":true},"minecraft:recipes/combat/leather_boots":{"criteria":{"has_leather":"2024-09-30 13:03:06 +0000"},"done":true},"minecraft:recipes/misc/leather_horse_armor":{"criteria":{"has_leather":"2024-09-30 13:03:06 +0000"},"done":true},"minecraft:recipes/combat/bow":{"criteria":{"has_string":"2024-09-30 13:03:09 +0000"},"done":true},"minecraft:recipes/tools/fishing_rod":{"criteria":{"has_string":"2024-09-30 13:03:09 +0000"},"done":true},"minecraft:recipes/building_blocks/white_wool_from_string":{"criteria":{"has_string":"2024-09-30 13:03:09 +0000"},"done":true},"minecraft:recipes/redstone/tripwire_hook":{"criteria":{"has_string":"2024-09-30 13:03:09 +0000"},"done":true},"minecraft:recipes/combat/crossbow":{"criteria":{"has_string":"2024-09-30 13:03:09 +0000"},"done":true},"minecraft:recipes/decorations/candle":{"criteria":{"has_string":"2024-09-30 13:03:09 +0000"},"done":true},"minecraft:recipes/decorations/loom":{"criteria":{"has_string":"2024-09-30 13:03:09 +0000"},"done":true},"nova_structures:root":{"criteria":{"nova_structures:adventure/find_tavern":"2024-09-30 13:06:39 +0000"},"done":true},"nova_structures:adventure/find_tavern":{"criteria":{"nova_structures:tavern_oak":"2024-09-30 13:06:39 +0000"},"done":true},"minecraft:adventure/root":{"criteria":{"killed_something":"2024-09-30 13:11:42 +0000"},"done":true},"minecraft:recipes/food/cooked_mutton_from_smoking":{"criteria":{"has_mutton":"2024-09-30 13:11:43 +0000"},"done":true},"minecraft:recipes/food/cooked_mutton":{"criteria":{"has_mutton":"2024-09-30 13:11:43 +0000"},"done":true},"minecraft:recipes/decorations/white_banner":{"criteria":{"has_white_wool":"2024-09-30 13:11:43 +0000"},"done":true},"minecraft:recipes/decorations/painting":{"criteria":{"has_wool":"2024-09-30 13:11:43 +0000"},"done":true},"minecraft:recipes/food/cooked_mutton_from_campfire_cooking":{"criteria":{"has_mutton":"2024-09-30 13:11:43 +0000"},"done":true},"minecraft:recipes/decorations/white_bed":{"criteria":{"has_white_wool":"2024-09-30 13:11:43 +0000"},"done":true},"minecraft:recipes/decorations/white_carpet":{"criteria":{"has_white_wool":"2024-09-30 13:11:43 +0000"},"done":true},"minecraft:recipes/misc/charcoal":{"criteria":{"has_log":"2024-09-30 13:13:28 +0000"},"done":true},"minecraft:recipes/building_blocks/oak_planks":{"criteria":{"has_logs":"2024-09-30 13:13:28 +0000"},"done":true},"minecraft:recipes/building_blocks/stripped_oak_wood":{"criteria":{"has_log":"2024-09-30 13:13:28 +0000"},"done":true},"minecraft:recipes/decorations/oak_hanging_sign":{"criteria":{"has_stripped_logs":"2024-09-30 13:13:28 +0000"},"done":true},"minecraft:recipes/decorations/ladder":{"criteria":{"has_stick":"2024-09-30 13:16:06 +0000"},"done":true},"minecraft:recipes/decorations/campfire":{"criteria":{"has_stick":"2024-09-30 13:16:06 +0000"},"done":true},"minecraft:recipes/tools/wooden_hoe":{"criteria":{"has_stick":"2024-09-30 13:16:06 +0000"},"done":true},"minecraft:recipes/tools/wooden_pickaxe":{"criteria":{"has_stick":"2024-09-30 13:16:06 +0000"},"done":true},"minecraft:recipes/tools/wooden_axe":{"criteria":{"has_stick":"2024-09-30 13:16:06 +0000"},"done":true},"minecraft:recipes/tools/wooden_shovel":{"criteria":{"has_stick":"2024-09-30 13:16:06 +0000"},"done":true},"minecraft:recipes/combat/wooden_sword":{"criteria":{"has_stick":"2024-09-30 13:16:06 +0000"},"done":true},"minecraft:recipes/building_blocks/oak_slab":{"criteria":{"has_planks":"2024-09-30 13:16:12 +0000"},"done":true},"minecraft:recipes/decorations/oak_sign":{"criteria":{"has_planks":"2024-09-30 13:16:12 +0000"},"done":true},"minecraft:recipes/redstone/oak_trapdoor":{"criteria":{"has_planks":"2024-09-30 13:16:12 +0000"},"done":true},"minecraft:recipes/redstone/oak_fence_gate":{"criteria":{"has_planks":"2024-09-30 13:16:12 +0000"},"done":true},"minecraft:recipes/redstone/oak_pressure_plate":{"criteria":{"has_planks":"2024-09-30 13:16:12 +0000"},"done":true},"minecraft:recipes/redstone/oak_door":{"criteria":{"has_planks":"2024-09-30 13:16:12 +0000"},"done":true},"minecraft:recipes/misc/stick":{"criteria":{"has_planks":"2024-09-30 13:16:12 +0000"},"done":true},"minecraft:recipes/building_blocks/oak_stairs":{"criteria":{"has_planks":"2024-09-30 13:16:12 +0000"},"done":true},"minecraft:recipes/decorations/oak_fence":{"criteria":{"has_planks":"2024-09-30 13:16:12 +0000"},"done":true},"minecraft:recipes/decorations/barrel":{"criteria":{"has_planks":"2024-09-30 13:16:12 +0000"},"done":true},"minecraft:recipes/redstone/oak_button":{"criteria":{"has_planks":"2024-09-30 13:16:12 +0000"},"done":true},"minecraft:recipes/food/cake":{"criteria":{"has_egg":"2024-09-30 13:17:32 +0000"},"done":true},"mcpaint:guide/apply_egg":{"criteria":{"requirement":"2024-09-30 13:17:38 +0000"},"done":true},"minecraft:recipes/misc/light_gray_dye_from_azure_bluet":{"criteria":{"has_azure_bluet":"2024-09-30 13:33:08 +0000"},"done":true},"minecraft:adventure/kill_all_mobs":{"criteria":{"minecraft:skeleton":"2024-10-01 22:03:01 +0000","minecraft:enderman":"2024-10-01 12:41:59 +0000","minecraft:zombie":"2024-09-30 13:37:31 +0000","minecraft:creeper":"2024-09-30 13:38:28 +0000","minecraft:zombie_villager":"2024-09-30 13:37:36 +0000"},"done":false},"minecraft:adventure/kill_a_mob":{"criteria":{"minecraft:zombie":"2024-09-30 13:37:31 +0000"},"done":true},"minecraft:recipes/misc/firework_rocket_simple":{"criteria":{"has_gunpowder":"2024-09-30 13:38:29 +0000"},"done":true},"minecraft:recipes/redstone/tnt":{"criteria":{"has_gunpowder":"2024-09-30 13:38:29 +0000"},"done":true},"minecraft:recipes/misc/yellow_dye_from_dandelion":{"criteria":{"has_dandelion":"2024-09-30 13:42:12 +0000"},"done":true},"minecraft:recipes/building_blocks/stone_bricks":{"criteria":{"has_stone":"2024-09-30 13:55:51 +0000"},"done":true},"minecraft:recipes/building_blocks/stone_brick_slab_from_stone_stonecutting":{"criteria":{"has_stone":"2024-09-30 13:55:51 +0000"},"done":true},"minecraft:recipes/building_blocks/stone_brick_stairs_from_stone_stonecutting":{"criteria":{"has_stone":"2024-09-30 13:55:51 +0000"},"done":true},"minecraft:recipes/building_blocks/stone_slab_from_stone_stonecutting":{"criteria":{"has_stone":"2024-09-30 13:55:51 +0000"},"done":true},"minecraft:recipes/building_blocks/stone_bricks_from_stone_stonecutting":{"criteria":{"has_stone":"2024-09-30 13:55:51 +0000"},"done":true},"minecraft:recipes/building_blocks/stone_slab":{"criteria":{"has_stone":"2024-09-30 13:55:51 +0000"},"done":true},"minecraft:recipes/building_blocks/chiseled_stone_bricks_stone_from_stonecutting":{"criteria":{"has_stone":"2024-09-30 13:55:51 +0000"},"done":true},"minecraft:recipes/building_blocks/stone_stairs_from_stone_stonecutting":{"criteria":{"has_stone":"2024-09-30 13:55:51 +0000"},"done":true},"minecraft:recipes/redstone/stone_button":{"criteria":{"has_stone":"2024-09-30 13:55:51 +0000"},"done":true},"minecraft:recipes/decorations/stonecutter":{"criteria":{"has_stone":"2024-09-30 13:55:51 +0000"},"done":true},"minecraft:recipes/redstone/stone_pressure_plate":{"criteria":{"has_stone":"2024-09-30 13:55:51 +0000"},"done":true},"minecraft:recipes/building_blocks/smooth_stone":{"criteria":{"has_stone":"2024-09-30 13:55:51 +0000"},"done":true},"minecraft:recipes/decorations/stone_brick_walls_from_stone_stonecutting":{"criteria":{"has_stone":"2024-09-30 13:55:51 +0000"},"done":true},"minecraft:recipes/building_blocks/stone_stairs":{"criteria":{"has_stone":"2024-09-30 13:55:51 +0000"},"done":true},"minecraft:recipes/redstone/lever":{"criteria":{"has_cobblestone":"2024-09-30 13:58:38 +0000"},"done":true},"minecraft:recipes/combat/stone_sword":{"criteria":{"has_cobblestone":"2024-09-30 13:58:38 +0000"},"done":true},"minecraft:recipes/decorations/cobblestone_wall":{"criteria":{"has_cobblestone":"2024-09-30 13:58:38 +0000"},"done":true},"minecraft:recipes/tools/stone_pickaxe":{"criteria":{"has_cobblestone":"2024-09-30 13:58:38 +0000"},"done":true},"minecraft:recipes/tools/stone_axe":{"criteria":{"has_cobblestone":"2024-09-30 13:58:38 +0000"},"done":true},"minecraft:story/mine_stone":{"criteria":{"get_stone":"2024-09-30 13:58:38 +0000"},"done":true},"minecraft:recipes/decorations/furnace":{"criteria":{"has_cobblestone":"2024-09-30 13:58:38 +0000"},"done":true},"minecraft:recipes/building_blocks/cobblestone_slab":{"criteria":{"has_cobblestone":"2024-09-30 13:58:38 +0000"},"done":true},"minecraft:recipes/building_blocks/cobblestone_slab_from_cobblestone_stonecutting":{"criteria":{"has_cobblestone":"2024-09-30 13:58:38 +0000"},"done":true},"minecraft:recipes/building_blocks/stone":{"criteria":{"has_cobblestone":"2024-09-30 13:58:38 +0000"},"done":true},"minecraft:recipes/decorations/cobblestone_wall_from_cobblestone_stonecutting":{"criteria":{"has_cobblestone":"2024-09-30 13:58:38 +0000"},"done":true},"minecraft:recipes/building_blocks/cobblestone_stairs_from_cobblestone_stonecutting":{"criteria":{"has_cobblestone":"2024-09-30 13:58:38 +0000"},"done":true},"minecraft:recipes/building_blocks/cobblestone_stairs":{"criteria":{"has_cobblestone":"2024-09-30 13:58:38 +0000"},"done":true},"minecraft:recipes/tools/stone_hoe":{"criteria":{"has_cobblestone":"2024-09-30 13:58:38 +0000"},"done":true},"minecraft:recipes/tools/stone_shovel":{"criteria":{"has_cobblestone":"2024-09-30 13:58:38 +0000"},"done":true},"minecraft:recipes/misc/blue_dye_from_cornflower":{"criteria":{"has_cornflower":"2024-09-30 14:06:32 +0000"},"done":true},"minecraft:husbandry/tame_an_animal":{"criteria":{"tamed_animal":"2024-09-30 14:15:07 +0000"},"done":true},"minecraft:recipes/misc/sugar_from_honey_bottle":{"criteria":{"has_honey_bottle":"2024-09-30 14:15:40 +0000"},"done":true},"minecraft:recipes/redstone/honey_block":{"criteria":{"has_honey_bottle":"2024-09-30 14:15:40 +0000"},"done":true},"minecraft:recipes/misc/bowl":{"criteria":{"has_mushroom_stew":"2024-09-30 14:17:04 +0000"},"done":true},"minecraft:recipes/food/mushroom_stew":{"criteria":{"has_mushroom_stew":"2024-09-30 14:17:04 +0000"},"done":true},"minecraft:recipes/decorations/stone_brick_wall":{"criteria":{"has_stone_bricks":"2024-09-30 14:17:51 +0000"},"done":true},"minecraft:recipes/building_blocks/stone_brick_slab_from_stone_bricks_stonecutting":{"criteria":{"has_stone_bricks":"2024-09-30 14:17:51 +0000"},"done":true},"minecraft:recipes/building_blocks/cracked_stone_bricks":{"criteria":{"has_stone_bricks":"2024-09-30 14:17:51 +0000"},"done":true},"minecraft:recipes/building_blocks/stone_brick_stairs_from_stone_bricks_stonecutting":{"criteria":{"has_stone_bricks":"2024-09-30 14:17:51 +0000"},"done":true},"minecraft:recipes/building_blocks/stone_brick_slab":{"criteria":{"has_stone_bricks":"2024-09-30 14:17:51 +0000"},"done":true},"minecraft:recipes/building_blocks/stone_brick_stairs":{"criteria":{"has_stone_bricks":"2024-09-30 14:17:51 +0000"},"done":true},"minecraft:recipes/building_blocks/chiseled_stone_bricks_from_stone_bricks_stonecutting":{"criteria":{"has_stone_bricks":"2024-09-30 14:17:51 +0000"},"done":true},"minecraft:recipes/building_blocks/chiseled_stone_bricks":{"criteria":{"has_tag":"2024-09-30 14:17:51 +0000"},"done":true},"minecraft:recipes/decorations/stone_brick_wall_from_stone_bricks_stonecutting":{"criteria":{"has_stone_bricks":"2024-09-30 14:17:51 +0000"},"done":true},"minecraft:recipes/redstone/spruce_button":{"criteria":{"has_planks":"2024-09-30 14:32:25 +0000"},"done":true},"minecraft:recipes/redstone/spruce_pressure_plate":{"criteria":{"has_planks":"2024-09-30 14:32:25 +0000"},"done":true},"minecraft:recipes/decorations/spruce_sign":{"criteria":{"has_planks":"2024-09-30 14:32:25 +0000"},"done":true},"minecraft:recipes/redstone/spruce_trapdoor":{"criteria":{"has_planks":"2024-09-30 14:32:25 +0000"},"done":true},"minecraft:recipes/redstone/spruce_door":{"criteria":{"has_planks":"2024-09-30 14:32:25 +0000"},"done":true},"minecraft:recipes/redstone/spruce_fence_gate":{"criteria":{"has_planks":"2024-09-30 14:32:25 +0000"},"done":true},"minecraft:recipes/decorations/spruce_fence":{"criteria":{"has_planks":"2024-09-30 14:32:25 +0000"},"done":true},"minecraft:recipes/building_blocks/spruce_stairs":{"criteria":{"has_planks":"2024-09-30 14:32:25 +0000"},"done":true},"minecraft:recipes/building_blocks/spruce_slab":{"criteria":{"has_planks":"2024-09-30 14:32:25 +0000"},"done":true},"minecraft:recipes/building_blocks/spruce_planks":{"criteria":{"has_logs":"2024-09-30 14:32:28 +0000"},"done":true},"minecraft:recipes/building_blocks/spruce_wood":{"criteria":{"has_log":"2024-09-30 14:32:28 +0000"},"done":true},"minecraft:recipes/decorations/spruce_hanging_sign":{"criteria":{"has_stripped_logs":"2024-09-30 14:32:29 +0000"},"done":true},"minecraft:recipes/building_blocks/stripped_spruce_wood":{"criteria":{"has_log":"2024-09-30 14:32:29 +0000"},"done":true},"minecraft:recipes/decorations/composter":{"criteria":{"has_wood_slab":"2024-09-30 14:32:32 +0000"},"done":true},"minecraft:recipes/building_blocks/mossy_stone_brick_stairs":{"criteria":{"has_mossy_stone_bricks":"2024-09-30 18:03:00 +0000"},"done":true},"minecraft:recipes/decorations/mossy_stone_brick_wall":{"criteria":{"has_mossy_stone_bricks":"2024-09-30 18:03:00 +0000"},"done":true},"minecraft:recipes/building_blocks/mossy_stone_brick_slab":{"criteria":{"has_mossy_stone_bricks":"2024-09-30 18:03:00 +0000"},"done":true},"minecraft:recipes/building_blocks/mossy_stone_brick_stairs_from_mossy_stone_brick_stonecutting":{"criteria":{"has_mossy_stone_bricks":"2024-09-30 18:03:00 +0000"},"done":true},"minecraft:recipes/decorations/mossy_stone_brick_wall_from_mossy_stone_brick_stonecutting":{"criteria":{"has_mossy_stone_bricks":"2024-09-30 18:03:00 +0000"},"done":true},"minecraft:recipes/building_blocks/mossy_stone_brick_slab_from_mossy_stone_brick_stonecutting":{"criteria":{"has_mossy_stone_bricks":"2024-09-30 18:03:00 +0000"},"done":true},"minecraft:recipes/decorations/glow_item_frame":{"criteria":{"has_item_frame":"2024-09-30 18:14:07 +0000"},"done":true},"minecraft:recipes/redstone/trapped_chest":{"criteria":{"has_tripwire_hook":"2024-09-30 18:24:42 +0000"},"done":true},"minecraft:adventure/play_jukebox_in_meadows":{"criteria":{"play_jukebox_in_meadows":"2024-09-30 18:25:45 +0000"},"done":true},"minecraft:recipes/redstone/crafter":{"criteria":{"has_dropper":"2024-09-30 18:26:59 +0000"},"done":true},"minecraft:recipes/decorations/yellow_glazed_terracotta":{"criteria":{"has_yellow_terracotta":"2024-09-30 18:28:39 +0000"},"done":true},"minecraft:recipes/decorations/gray_stained_glass_pane":{"criteria":{"has_glass":"2024-09-30 18:34:56 +0000"},"done":true},"minecraft:recipes/redstone/warped_pressure_plate":{"criteria":{"has_planks":"2024-09-30 18:39:14 +0000"},"done":true},"minecraft:recipes/building_blocks/warped_slab":{"criteria":{"has_planks":"2024-09-30 18:39:14 +0000"},"done":true},"minecraft:recipes/redstone/warped_fence_gate":{"criteria":{"has_planks":"2024-09-30 18:39:14 +0000"},"done":true},"minecraft:recipes/decorations/warped_fence":{"criteria":{"has_planks":"2024-09-30 18:39:14 +0000"},"done":true},"minecraft:recipes/redstone/warped_button":{"criteria":{"has_planks":"2024-09-30 18:39:14 +0000"},"done":true},"minecraft:recipes/building_blocks/warped_stairs":{"criteria":{"has_planks":"2024-09-30 18:39:14 +0000"},"done":true},"minecraft:recipes/redstone/warped_trapdoor":{"criteria":{"has_planks":"2024-09-30 18:39:14 +0000"},"done":true},"minecraft:recipes/decorations/warped_sign":{"criteria":{"has_planks":"2024-09-30 18:39:14 +0000"},"done":true},"minecraft:recipes/redstone/warped_door":{"criteria":{"has_planks":"2024-09-30 18:39:14 +0000"},"done":true},"minecraft:recipes/decorations/orange_candle":{"criteria":{"has_orange_dye":"2024-09-30 18:48:14 +0000"},"done":true},"minecraft:recipes/building_blocks/dye_orange_bed":{"criteria":{"has_needed_dye":"2024-09-30 18:48:14 +0000"},"done":true},"minecraft:recipes/building_blocks/dye_orange_carpet":{"criteria":{"has_needed_dye":"2024-09-30 18:48:14 +0000"},"done":true},"minecraft:recipes/building_blocks/dye_orange_wool":{"criteria":{"has_needed_dye":"2024-09-30 18:48:14 +0000"},"done":true},"mcpaint:recipe_unlock/paint_bucket":{"criteria":{"has_ingredients":"2024-09-30 18:48:14 +0000"},"done":true},"minecraft:recipes/decorations/orange_stained_glass_pane_from_glass_pane":{"criteria":{"has_orange_dye":"2024-09-30 18:48:14 +0000"},"done":true},"minecraft:recipes/decorations/deepslate_brick_wall_from_deepslate_bricks_stonecutting":{"criteria":{"has_deepslate_bricks":"2024-09-30 18:48:52 +0000"},"done":true},"minecraft:recipes/building_blocks/deepslate_tile_stairs_from_deepslate_bricks_stonecutting":{"criteria":{"has_deepslate_bricks":"2024-09-30 18:48:52 +0000"},"done":true},"minecraft:recipes/decorations/deepslate_brick_wall":{"criteria":{"has_deepslate_bricks":"2024-09-30 18:48:52 +0000"},"done":true},"minecraft:recipes/building_blocks/deepslate_brick_stairs":{"criteria":{"has_deepslate_bricks":"2024-09-30 18:48:52 +0000"},"done":true},"minecraft:recipes/building_blocks/deepslate_tiles_from_deepslate_bricks_stonecutting":{"criteria":{"has_deepslate_bricks":"2024-09-30 18:48:52 +0000"},"done":true},"minecraft:recipes/building_blocks/deepslate_brick_slab":{"criteria":{"has_deepslate_bricks":"2024-09-30 18:48:52 +0000"},"done":true},"minecraft:recipes/decorations/deepslate_tile_wall_from_deepslate_bricks_stonecutting":{"criteria":{"has_deepslate_bricks":"2024-09-30 18:48:52 +0000"},"done":true},"minecraft:recipes/building_blocks/cracked_deepslate_bricks":{"criteria":{"has_deepslate_bricks":"2024-09-30 18:48:52 +0000"},"done":true},"minecraft:recipes/building_blocks/deepslate_tile_slab_from_deepslate_bricks_stonecutting":{"criteria":{"has_deepslate_bricks":"2024-09-30 18:48:52 +0000"},"done":true},"minecraft:recipes/building_blocks/deepslate_tiles":{"criteria":{"has_deepslate_bricks":"2024-09-30 18:48:52 +0000"},"done":true},"minecraft:recipes/building_blocks/deepslate_brick_stairs_from_deepslate_bricks_stonecutting":{"criteria":{"has_deepslate_bricks":"2024-09-30 18:48:52 +0000"},"done":true},"minecraft:recipes/building_blocks/deepslate_brick_slab_from_deepslate_bricks_stonecutting":{"criteria":{"has_deepslate_bricks":"2024-09-30 18:48:52 +0000"},"done":true},"minecraft:husbandry/make_a_sign_glow":{"criteria":{"make_a_sign_glow":"2024-09-30 18:50:26 +0000"},"done":true},"minecraft:adventure/sleep_in_bed":{"criteria":{"slept_in_bed":"2024-09-30 18:59:09 +0000"},"done":true},"minecraft:recipes/misc/orange_dye_from_red_yellow":{"criteria":{"has_yellow_dye":"2024-09-30 19:00:10 +0000"},"done":true},"minecraft:recipes/decorations/yellow_candle":{"criteria":{"has_yellow_dye":"2024-09-30 19:00:10 +0000"},"done":true},"minecraft:recipes/building_blocks/dye_yellow_carpet":{"criteria":{"has_needed_dye":"2024-09-30 19:00:10 +0000"},"done":true},"minecraft:recipes/decorations/yellow_stained_glass_pane_from_glass_pane":{"criteria":{"has_yellow_dye":"2024-09-30 19:00:10 +0000"},"done":true},"minecraft:recipes/building_blocks/dye_yellow_wool":{"criteria":{"has_needed_dye":"2024-09-30 19:00:10 +0000"},"done":true},"minecraft:recipes/building_blocks/dye_yellow_bed":{"criteria":{"has_needed_dye":"2024-09-30 19:00:10 +0000"},"done":true},"minecraft:recipes/building_blocks/lime_concrete_powder":{"criteria":{"has_gravel":"2024-09-30 19:04:02 +0000"},"done":true},"minecraft:recipes/building_blocks/coarse_dirt":{"criteria":{"has_gravel":"2024-09-30 19:04:02 +0000"},"done":true},"minecraft:recipes/building_blocks/light_gray_concrete_powder":{"criteria":{"has_gravel":"2024-09-30 19:04:02 +0000"},"done":true},"minecraft:recipes/building_blocks/pink_concrete_powder":{"criteria":{"has_gravel":"2024-09-30 19:04:02 +0000"},"done":true},"minecraft:recipes/building_blocks/orange_concrete_powder":{"criteria":{"has_gravel":"2024-09-30 19:04:02 +0000"},"done":true},"minecraft:recipes/building_blocks/red_concrete_powder":{"criteria":{"has_gravel":"2024-09-30 19:04:02 +0000"},"done":true},"minecraft:recipes/building_blocks/magenta_concrete_powder":{"criteria":{"has_gravel":"2024-09-30 19:04:02 +0000"},"done":true},"minecraft:recipes/building_blocks/brown_concrete_powder":{"criteria":{"has_gravel":"2024-09-30 19:04:02 +0000"},"done":true},"minecraft:recipes/building_blocks/light_blue_concrete_powder":{"criteria":{"has_gravel":"2024-09-30 19:04:02 +0000"},"done":true},"minecraft:recipes/building_blocks/green_concrete_powder":{"criteria":{"has_gravel":"2024-09-30 19:04:02 +0000"},"done":true},"minecraft:recipes/building_blocks/blue_concrete_powder":{"criteria":{"has_gravel":"2024-09-30 19:04:02 +0000"},"done":true},"minecraft:recipes/building_blocks/yellow_concrete_powder":{"criteria":{"has_gravel":"2024-09-30 19:04:02 +0000"},"done":true},"minecraft:recipes/building_blocks/white_concrete_powder":{"criteria":{"has_gravel":"2024-09-30 19:04:02 +0000"},"done":true},"minecraft:recipes/building_blocks/gray_concrete_powder":{"criteria":{"has_gravel":"2024-09-30 19:04:02 +0000"},"done":true},"minecraft:recipes/building_blocks/black_concrete_powder":{"criteria":{"has_gravel":"2024-09-30 19:04:02 +0000"},"done":true},"minecraft:recipes/building_blocks/purple_concrete_powder":{"criteria":{"has_gravel":"2024-09-30 19:04:02 +0000"},"done":true},"minecraft:recipes/building_blocks/cyan_concrete_powder":{"criteria":{"has_gravel":"2024-09-30 19:04:02 +0000"},"done":true},"minecraft:recipes/misc/red_dye_from_rose_bush":{"criteria":{"has_rose_bush":"2024-09-30 19:10:30 +0000"},"done":true},"minecraft:recipes/misc/pink_dye_from_peony":{"criteria":{"has_peony":"2024-09-30 19:10:31 +0000"},"done":true},"minecraft:recipes/misc/magenta_dye_from_lilac":{"criteria":{"has_lilac":"2024-09-30 19:10:32 +0000"},"done":true},"minecraft:recipes/building_blocks/oak_wood":{"criteria":{"has_log":"2024-09-30 19:12:45 +0000"},"done":true},"minecraft:recipes/misc/orange_dye_from_torchflower":{"criteria":{"has_torchflower":"2024-09-30 19:15:53 +0000"},"done":true},"minecraft:recipes/misc/pink_dye_from_pink_petals":{"criteria":{"has_pink_petals":"2024-09-30 19:16:02 +0000"},"done":true},"minecraft:recipes/building_blocks/mossy_stone_bricks_from_vine":{"criteria":{"has_vine":"2024-09-30 19:16:18 +0000"},"done":true},"minecraft:recipes/building_blocks/mossy_cobblestone_from_vine":{"criteria":{"has_vine":"2024-09-30 19:16:18 +0000"},"done":true},"minecraft:recipes/misc/red_dye_from_tulip":{"criteria":{"has_red_flower":"2024-09-30 19:17:03 +0000"},"done":true},"minecraft:recipes/decorations/red_carpet":{"criteria":{"has_red_wool":"2024-09-30 19:17:47 +0000"},"done":true},"minecraft:recipes/decorations/red_banner":{"criteria":{"has_red_wool":"2024-09-30 19:17:47 +0000"},"done":true},"minecraft:recipes/decorations/red_bed":{"criteria":{"has_red_wool":"2024-09-30 19:17:47 +0000"},"done":true},"minecraft:recipes/misc/white_dye":{"criteria":{"has_bone_meal":"2024-09-30 19:29:24 +0000"},"done":true},"minecraft:recipes/building_blocks/bone_block":{"criteria":{"has_bone_meal":"2024-09-30 19:29:24 +0000"},"done":true},"minecraft:recipes/building_blocks/emerald_block":{"criteria":{"has_emerald":"2024-09-30 19:29:52 +0000"},"done":true},"minecraft:recipes/decorations/lime_stained_glass_pane_from_glass_pane":{"criteria":{"has_glass_pane":"2024-09-30 21:19:38 +0000"},"done":true},"minecraft:recipes/decorations/purple_stained_glass_pane_from_glass_pane":{"criteria":{"has_glass_pane":"2024-09-30 21:19:38 +0000"},"done":true},"minecraft:recipes/decorations/blue_stained_glass_pane_from_glass_pane":{"criteria":{"has_glass_pane":"2024-09-30 21:19:38 +0000"},"done":true},"minecraft:recipes/decorations/black_stained_glass_pane_from_glass_pane":{"criteria":{"has_glass_pane":"2024-09-30 21:19:38 +0000"},"done":true},"minecraft:recipes/decorations/light_gray_stained_glass_pane_from_glass_pane":{"criteria":{"has_glass_pane":"2024-09-30 21:19:38 +0000"},"done":true},"minecraft:recipes/decorations/brown_stained_glass_pane_from_glass_pane":{"criteria":{"has_glass_pane":"2024-09-30 21:19:38 +0000"},"done":true},"minecraft:recipes/decorations/red_stained_glass_pane_from_glass_pane":{"criteria":{"has_glass_pane":"2024-09-30 21:19:38 +0000"},"done":true},"minecraft:recipes/decorations/magenta_stained_glass_pane_from_glass_pane":{"criteria":{"has_glass_pane":"2024-09-30 21:19:38 +0000"},"done":true},"minecraft:recipes/decorations/cyan_stained_glass_pane_from_glass_pane":{"criteria":{"has_glass_pane":"2024-09-30 21:19:38 +0000"},"done":true},"minecraft:recipes/decorations/light_blue_stained_glass_pane_from_glass_pane":{"criteria":{"has_glass_pane":"2024-09-30 21:19:38 +0000"},"done":true},"minecraft:recipes/decorations/green_stained_glass_pane_from_glass_pane":{"criteria":{"has_glass_pane":"2024-09-30 21:19:38 +0000"},"done":true},"minecraft:recipes/decorations/pink_stained_glass_pane_from_glass_pane":{"criteria":{"has_glass_pane":"2024-09-30 21:19:38 +0000"},"done":true},"minecraft:recipes/decorations/white_stained_glass_pane_from_glass_pane":{"criteria":{"has_glass_pane":"2024-09-30 21:19:38 +0000"},"done":true},"minecraft:recipes/decorations/gray_stained_glass_pane_from_glass_pane":{"criteria":{"has_glass_pane":"2024-09-30 21:19:38 +0000"},"done":true},"minecraft:recipes/redstone/repeater":{"criteria":{"has_redstone_torch":"2024-09-30 21:21:57 +0000"},"done":true},"minecraft:recipes/building_blocks/polished_blackstone_brick_slab":{"criteria":{"has_polished_blackstone_bricks":"2024-09-30 21:23:06 +0000"},"done":true},"minecraft:recipes/building_blocks/polished_blackstone_brick_stairs":{"criteria":{"has_polished_blackstone_bricks":"2024-09-30 21:23:06 +0000"},"done":true},"minecraft:recipes/decorations/polished_blackstone_brick_wall_from_polished_blackstone_bricks_stonecutting":{"criteria":{"has_polished_blackstone_bricks":"2024-09-30 21:23:06 +0000"},"done":true},"minecraft:recipes/building_blocks/cracked_polished_blackstone_bricks":{"criteria":{"has_polished_blackstone_bricks":"2024-09-30 21:23:06 +0000"},"done":true},"minecraft:recipes/building_blocks/polished_blackstone_brick_slab_from_polished_blackstone_bricks_stonecutting":{"criteria":{"has_polished_blackstone_bricks":"2024-09-30 21:23:06 +0000"},"done":true},"minecraft:recipes/decorations/polished_blackstone_brick_wall":{"criteria":{"has_polished_blackstone_bricks":"2024-09-30 21:23:06 +0000"},"done":true},"minecraft:recipes/building_blocks/polished_blackstone_brick_stairs_from_polished_blackstone_bricks_stonecutting":{"criteria":{"has_polished_blackstone_bricks":"2024-09-30 21:23:06 +0000"},"done":true},"minecraft:recipes/building_blocks/polished_blackstone_bricks_from_polished_blackstone_stonecutting":{"criteria":{"has_polished_blackstone":"2024-09-30 21:23:09 +0000"},"done":true},"minecraft:recipes/building_blocks/chiseled_polished_blackstone_from_polished_blackstone_stonecutting":{"criteria":{"has_polished_blackstone":"2024-09-30 21:23:09 +0000"},"done":true},"minecraft:recipes/building_blocks/polished_blackstone_stairs_from_polished_blackstone_stonecutting":{"criteria":{"has_polished_blackstone":"2024-09-30 21:23:09 +0000"},"done":true},"minecraft:recipes/building_blocks/polished_blackstone_slab_from_polished_blackstone_stonecutting":{"criteria":{"has_polished_blackstone":"2024-09-30 21:23:09 +0000"},"done":true},"minecraft:recipes/building_blocks/polished_blackstone_stairs":{"criteria":{"has_polished_blackstone":"2024-09-30 21:23:09 +0000"},"done":true},"minecraft:recipes/building_blocks/polished_blackstone_brick_stairs_from_polished_blackstone_stonecutting":{"criteria":{"has_polished_blackstone":"2024-09-30 21:23:09 +0000"},"done":true},"minecraft:recipes/redstone/polished_blackstone_button":{"criteria":{"has_polished_blackstone":"2024-09-30 21:23:09 +0000"},"done":true},"minecraft:recipes/decorations/polished_blackstone_wall_from_polished_blackstone_stonecutting":{"criteria":{"has_polished_blackstone":"2024-09-30 21:23:09 +0000"},"done":true},"minecraft:recipes/redstone/polished_blackstone_pressure_plate":{"criteria":{"has_polished_blackstone":"2024-09-30 21:23:09 +0000"},"done":true},"minecraft:recipes/building_blocks/polished_blackstone_brick_slab_from_polished_blackstone_stonecutting":{"criteria":{"has_polished_blackstone":"2024-09-30 21:23:09 +0000"},"done":true},"minecraft:recipes/building_blocks/polished_blackstone_slab":{"criteria":{"has_polished_blackstone":"2024-09-30 21:23:09 +0000"},"done":true},"minecraft:recipes/building_blocks/polished_blackstone_bricks":{"criteria":{"has_polished_blackstone":"2024-09-30 21:23:09 +0000"},"done":true},"minecraft:recipes/decorations/polished_blackstone_wall":{"criteria":{"has_polished_blackstone":"2024-09-30 21:23:09 +0000"},"done":true},"minecraft:recipes/decorations/polished_blackstone_brick_wall_from_polished_blackstone_stonecutting":{"criteria":{"has_polished_blackstone":"2024-09-30 21:23:09 +0000"},"done":true},"minecraft:recipes/misc/gold_nugget_from_smelting":{"criteria":{"has_golden_helmet":"2024-09-30 21:33:38 +0000"},"done":true},"minecraft:recipes/misc/gold_nugget_from_blasting":{"criteria":{"has_golden_helmet":"2024-09-30 21:33:38 +0000"},"done":true},"minecraft:recipes/redstone/birch_button":{"criteria":{"has_planks":"2024-10-01 11:23:30 +0000"},"done":true},"minecraft:recipes/redstone/birch_door":{"criteria":{"has_planks":"2024-10-01 11:23:30 +0000"},"done":true},"minecraft:recipes/decorations/birch_fence":{"criteria":{"has_planks":"2024-10-01 11:23:30 +0000"},"done":true},"minecraft:recipes/redstone/birch_trapdoor":{"criteria":{"has_planks":"2024-10-01 11:23:30 +0000"},"done":true},"minecraft:recipes/decorations/birch_sign":{"criteria":{"has_planks":"2024-10-01 11:23:30 +0000"},"done":true},"minecraft:recipes/redstone/birch_fence_gate":{"criteria":{"has_planks":"2024-10-01 11:23:30 +0000"},"done":true},"minecraft:recipes/redstone/birch_pressure_plate":{"criteria":{"has_planks":"2024-10-01 11:23:30 +0000"},"done":true},"minecraft:recipes/building_blocks/birch_slab":{"criteria":{"has_planks":"2024-10-01 11:23:30 +0000"},"done":true},"minecraft:recipes/building_blocks/birch_stairs":{"criteria":{"has_planks":"2024-10-01 11:23:30 +0000"},"done":true},"minecraft:recipes/building_blocks/red_stained_glass":{"criteria":{"has_glass":"2024-10-01 11:31:24 +0000"},"done":true},"minecraft:recipes/building_blocks/light_blue_stained_glass":{"criteria":{"has_glass":"2024-10-01 11:31:24 +0000"},"done":true},"minecraft:recipes/brewing/glass_bottle":{"criteria":{"has_glass":"2024-10-01 11:31:24 +0000"},"done":true},"minecraft:recipes/building_blocks/green_stained_glass":{"criteria":{"has_glass":"2024-10-01 11:31:24 +0000"},"done":true},"minecraft:recipes/building_blocks/brown_stained_glass":{"criteria":{"has_glass":"2024-10-01 11:31:24 +0000"},"done":true},"minecraft:recipes/building_blocks/light_gray_stained_glass":{"criteria":{"has_glass":"2024-10-01 11:31:24 +0000"},"done":true},"minecraft:recipes/building_blocks/blue_stained_glass":{"criteria":{"has_glass":"2024-10-01 11:31:24 +0000"},"done":true},"minecraft:recipes/building_blocks/orange_stained_glass":{"criteria":{"has_glass":"2024-10-01 11:31:24 +0000"},"done":true},"minecraft:recipes/building_blocks/cyan_stained_glass":{"criteria":{"has_glass":"2024-10-01 11:31:24 +0000"},"done":true},"minecraft:recipes/building_blocks/pink_stained_glass":{"criteria":{"has_glass":"2024-10-01 11:31:24 +0000"},"done":true},"minecraft:recipes/building_blocks/black_stained_glass":{"criteria":{"has_glass":"2024-10-01 11:31:24 +0000"},"done":true},"minecraft:recipes/building_blocks/gray_stained_glass":{"criteria":{"has_glass":"2024-10-01 11:31:24 +0000"},"done":true},"minecraft:recipes/building_blocks/purple_stained_glass":{"criteria":{"has_glass":"2024-10-01 11:31:24 +0000"},"done":true},"minecraft:recipes/building_blocks/yellow_stained_glass":{"criteria":{"has_glass":"2024-10-01 11:31:24 +0000"},"done":true},"minecraft:recipes/building_blocks/lime_stained_glass":{"criteria":{"has_glass":"2024-10-01 11:31:24 +0000"},"done":true},"minecraft:recipes/decorations/glass_pane":{"criteria":{"has_glass":"2024-10-01 11:31:24 +0000"},"done":true},"minecraft:recipes/building_blocks/magenta_stained_glass":{"criteria":{"has_glass":"2024-10-01 11:31:24 +0000"},"done":true},"minecraft:recipes/building_blocks/white_stained_glass":{"criteria":{"has_glass":"2024-10-01 11:31:24 +0000"},"done":true},"minecraft:recipes/brewing/cauldron":{"criteria":{"has_water_bucket":"2024-10-01 11:45:12 +0000"},"done":true},"minecraft:recipes/building_blocks/glass":{"criteria":{"has_smelts_to_glass":"2024-10-01 11:46:09 +0000"},"done":true},"minecraft:recipes/building_blocks/sandstone":{"criteria":{"has_sand":"2024-10-01 11:46:09 +0000"},"done":true},"minecraft:recipes/building_blocks/sandstone_stairs":{"criteria":{"has_sandstone":"2024-10-01 11:46:26 +0000"},"done":true},"minecraft:recipes/building_blocks/sandstone_slab":{"criteria":{"has_sandstone":"2024-10-01 11:46:26 +0000"},"done":true},"minecraft:recipes/building_blocks/cut_sandstone_from_sandstone_stonecutting":{"criteria":{"has_sandstone":"2024-10-01 11:46:26 +0000"},"done":true},"minecraft:recipes/building_blocks/chiseled_sandstone_from_sandstone_stonecutting":{"criteria":{"has_sandstone":"2024-10-01 11:46:26 +0000"},"done":true},"minecraft:recipes/building_blocks/smooth_sandstone":{"criteria":{"has_sandstone":"2024-10-01 11:46:26 +0000"},"done":true},"minecraft:recipes/decorations/sandstone_wall_from_sandstone_stonecutting":{"criteria":{"has_sandstone":"2024-10-01 11:46:26 +0000"},"done":true},"minecraft:recipes/building_blocks/cut_sandstone_slab_from_sandstone_stonecutting":{"criteria":{"has_sandstone":"2024-10-01 11:46:26 +0000"},"done":true},"minecraft:recipes/building_blocks/cut_sandstone":{"criteria":{"has_sandstone":"2024-10-01 11:46:26 +0000"},"done":true},"minecraft:recipes/building_blocks/sandstone_slab_from_sandstone_stonecutting":{"criteria":{"has_sandstone":"2024-10-01 11:46:26 +0000"},"done":true},"minecraft:recipes/building_blocks/sandstone_stairs_from_sandstone_stonecutting":{"criteria":{"has_sandstone":"2024-10-01 11:46:26 +0000"},"done":true},"minecraft:recipes/decorations/sandstone_wall":{"criteria":{"has_sandstone":"2024-10-01 11:46:26 +0000"},"done":true},"minecraft:recipes/misc/lime_dye_from_smelting":{"criteria":{"has_sea_pickle":"2024-10-01 11:46:59 +0000"},"done":true},"minecraft:recipes/food/dried_kelp_from_smoking":{"criteria":{"has_kelp":"2024-10-01 11:47:15 +0000"},"done":true},"minecraft:recipes/food/dried_kelp_from_smelting":{"criteria":{"has_kelp":"2024-10-01 11:47:15 +0000"},"done":true},"minecraft:recipes/food/dried_kelp_from_campfire_cooking":{"criteria":{"has_kelp":"2024-10-01 11:47:15 +0000"},"done":true},"minecraft:recipes/decorations/lime_glazed_terracotta":{"criteria":{"has_lime_terracotta":"2024-10-01 13:30:55 +0000"},"done":true},"minecraft:recipes/decorations/lime_carpet":{"criteria":{"has_lime_wool":"2024-10-01 13:36:03 +0000"},"done":true},"minecraft:recipes/decorations/lime_banner":{"criteria":{"has_lime_wool":"2024-10-01 13:36:03 +0000"},"done":true},"minecraft:recipes/decorations/lime_bed":{"criteria":{"has_lime_wool":"2024-10-01 13:36:03 +0000"},"done":true},"minecraft:recipes/building_blocks/mud_brick_slab":{"criteria":{"has_mud_bricks":"2024-10-01 14:00:09 +0000"},"done":true},"minecraft:recipes/building_blocks/mud_brick_stairs":{"criteria":{"has_mud_bricks":"2024-10-01 14:00:09 +0000"},"done":true},"minecraft:recipes/building_blocks/mud_brick_slab_from_mud_bricks_stonecutting":{"criteria":{"has_mud_bricks":"2024-10-01 14:00:09 +0000"},"done":true},"minecraft:recipes/decorations/mud_brick_wall":{"criteria":{"has_mud_bricks":"2024-10-01 14:00:09 +0000"},"done":true},"minecraft:recipes/building_blocks/mud_brick_stairs_from_mud_bricks_stonecutting":{"criteria":{"has_mud_bricks":"2024-10-01 14:00:09 +0000"},"done":true},"minecraft:recipes/decorations/mud_brick_wall_from_mud_bricks_stonecutting":{"criteria":{"has_mud_bricks":"2024-10-01 14:00:09 +0000"},"done":true},"minecraft:recipes/decorations/lime_stained_glass_pane":{"criteria":{"has_glass":"2024-10-01 14:10:38 +0000"},"done":true},"minecraft:recipes/decorations/yellow_stained_glass_pane":{"criteria":{"has_glass":"2024-10-01 14:10:44 +0000"},"done":true},"minecraft:recipes/decorations/green_glazed_terracotta":{"criteria":{"has_green_terracotta":"2024-10-01 14:11:46 +0000"},"done":true},"minecraft:recipes/building_blocks/quartz_stairs":{"criteria":{"has_quartz_block":"2024-10-01 14:22:03 +0000"},"done":true},"minecraft:recipes/building_blocks/smooth_quartz":{"criteria":{"has_quartz_block":"2024-10-01 14:22:03 +0000"},"done":true},"minecraft:recipes/building_blocks/quartz_slab":{"criteria":{"has_quartz_block":"2024-10-01 14:22:03 +0000"},"done":true},"minecraft:recipes/building_blocks/chiseled_quartz_block":{"criteria":{"has_quartz_block":"2024-10-01 14:22:03 +0000"},"done":true},"minecraft:recipes/building_blocks/quartz_bricks":{"criteria":{"has_quartz_block":"2024-10-01 14:22:03 +0000"},"done":true},"minecraft:recipes/building_blocks/quartz_bricks_from_quartz_block_stonecutting":{"criteria":{"has_quartz_block":"2024-10-01 14:22:03 +0000"},"done":true},"minecraft:recipes/building_blocks/chiseled_quartz_block_from_quartz_block_stonecutting":{"criteria":{"has_quartz_block":"2024-10-01 14:22:03 +0000"},"done":true},"minecraft:recipes/building_blocks/quartz_pillar_from_quartz_block_stonecutting":{"criteria":{"has_quartz_block":"2024-10-01 14:22:03 +0000"},"done":true},"minecraft:recipes/building_blocks/quartz_slab_from_stonecutting":{"criteria":{"has_quartz_block":"2024-10-01 14:22:03 +0000"},"done":true},"minecraft:recipes/building_blocks/quartz_pillar":{"criteria":{"has_quartz_block":"2024-10-01 14:22:03 +0000"},"done":true},"minecraft:recipes/building_blocks/quartz_stairs_from_quartz_block_stonecutting":{"criteria":{"has_quartz_block":"2024-10-01 14:22:03 +0000"},"done":true},"minecraft:recipes/building_blocks/dye_purple_wool":{"criteria":{"has_needed_dye":"2024-10-01 14:25:50 +0000"},"done":true},"minecraft:recipes/building_blocks/dye_purple_carpet":{"criteria":{"has_needed_dye":"2024-10-01 14:25:50 +0000"},"done":true},"minecraft:recipes/decorations/purple_candle":{"criteria":{"has_purple_dye":"2024-10-01 14:25:50 +0000"},"done":true},"minecraft:recipes/misc/magenta_dye_from_purple_and_pink":{"criteria":{"has_purple_dye":"2024-10-01 14:25:50 +0000"},"done":true},"minecraft:recipes/building_blocks/dye_purple_bed":{"criteria":{"has_needed_dye":"2024-10-01 14:25:50 +0000"},"done":true},"minecraft:recipes/misc/book":{"criteria":{"has_paper":"2024-10-01 14:26:32 +0000"},"done":true},"minecraft:recipes/decorations/cartography_table":{"criteria":{"has_paper":"2024-10-01 14:26:32 +0000"},"done":true},"minecraft:recipes/decorations/snow":{"criteria":{"has_snowball":"2024-10-01 14:28:36 +0000"},"done":true},"minecraft:recipes/building_blocks/snow_block":{"criteria":{"has_snowball":"2024-10-01 14:28:36 +0000"},"done":true},"minecraft:recipes/building_blocks/packed_ice":{"criteria":{"has_ice":"2024-10-01 14:29:33 +0000"},"done":true},"minecraft:recipes/building_blocks/blue_ice":{"criteria":{"has_packed_ice":"2024-10-01 14:29:35 +0000"},"done":true},"eroxified2:core/installed_packs":{"criteria":{"requirement":"2024-10-02 10:56:15 +0000"},"done":true},"eroxified2:core/success":{"criteria":{"requirement":"2024-10-02 10:56:15 +0000"},"done":true},"mcpaint:installed":{"criteria":{"requirement":"2024-10-02 10:56:15 +0000"},"done":true},"eroxified2:core/root":{"criteria":{"requirement":"2024-10-02 10:56:15 +0000"},"done":true},"eroxified2:core/links":{"criteria":{"requirement":"2024-10-02 10:56:15 +0000"},"done":true},"eroxified2:core/info":{"criteria":{"requirement":"2024-10-02 10:56:15 +0000"},"done":true},"minecraft:recipes/combat/iron_sword":{"criteria":{"has_iron_ingot":"2024-10-01 21:27:01 +0000"},"done":true},"minecraft:recipes/tools/iron_pickaxe":{"criteria":{"has_iron_ingot":"2024-10-01 21:27:01 +0000"},"done":true},"minecraft:recipes/combat/iron_leggings":{"criteria":{"has_iron_ingot":"2024-10-01 21:27:01 +0000"},"done":true},"minecraft:recipes/combat/shield":{"criteria":{"has_iron_ingot":"2024-10-01 21:27:01 +0000"},"done":true},"minecraft:recipes/redstone/hopper":{"criteria":{"has_iron_ingot":"2024-10-01 21:27:01 +0000"},"done":true},"minecraft:recipes/decorations/iron_bars":{"criteria":{"has_iron_ingot":"2024-10-01 21:27:01 +0000"},"done":true},"minecraft:recipes/combat/iron_boots":{"criteria":{"has_iron_ingot":"2024-10-01 21:27:01 +0000"},"done":true},"minecraft:recipes/combat/iron_chestplate":{"criteria":{"has_iron_ingot":"2024-10-01 21:27:01 +0000"},"done":true},"minecraft:recipes/decorations/lantern":{"criteria":{"has_iron_ingot":"2024-10-01 21:27:01 +0000"},"done":true},"minecraft:recipes/misc/iron_nugget":{"criteria":{"has_iron_ingot":"2024-10-01 21:27:01 +0000"},"done":true},"minecraft:recipes/misc/bucket":{"criteria":{"has_iron_ingot":"2024-10-01 21:27:01 +0000"},"done":true},"minecraft:recipes/combat/iron_helmet":{"criteria":{"has_iron_ingot":"2024-10-01 21:27:01 +0000"},"done":true},"minecraft:recipes/transportation/minecart":{"criteria":{"has_iron_ingot":"2024-10-01 21:27:01 +0000"},"done":true},"minecraft:recipes/tools/iron_hoe":{"criteria":{"has_iron_ingot":"2024-10-01 21:27:01 +0000"},"done":true},"minecraft:recipes/tools/iron_shovel":{"criteria":{"has_iron_ingot":"2024-10-01 21:27:01 +0000"},"done":true},"minecraft:story/smelt_iron":{"criteria":{"iron":"2024-10-01 21:27:01 +0000"},"done":true},"minecraft:recipes/tools/shears":{"criteria":{"has_iron_ingot":"2024-10-01 21:27:01 +0000"},"done":true},"minecraft:recipes/redstone/iron_trapdoor":{"criteria":{"has_iron_ingot":"2024-10-01 21:27:01 +0000"},"done":true},"minecraft:recipes/decorations/chain":{"criteria":{"has_iron_ingot":"2024-10-01 21:27:01 +0000"},"done":true},"minecraft:recipes/building_blocks/iron_block":{"criteria":{"has_iron_ingot":"2024-10-01 21:27:01 +0000"},"done":true},"minecraft:recipes/tools/iron_axe":{"criteria":{"has_iron_ingot":"2024-10-01 21:27:01 +0000"},"done":true},"minecraft:recipes/decorations/smithing_table":{"criteria":{"has_iron_ingot":"2024-10-01 21:27:01 +0000"},"done":true},"minecraft:recipes/redstone/iron_door":{"criteria":{"has_iron_ingot":"2024-10-01 21:27:01 +0000"},"done":true},"minecraft:recipes/redstone/heavy_weighted_pressure_plate":{"criteria":{"has_iron_ingot":"2024-10-01 21:27:01 +0000"},"done":true},"minecraft:recipes/redstone/redstone_torch":{"criteria":{"has_redstone":"2024-10-01 21:58:55 +0000"},"done":true},"minecraft:recipes/tools/clock":{"criteria":{"has_redstone":"2024-10-01 21:58:55 +0000"},"done":true},"minecraft:recipes/redstone/dropper":{"criteria":{"has_redstone":"2024-10-01 21:58:55 +0000"},"done":true},"minecraft:recipes/redstone/redstone_block":{"criteria":{"has_redstone":"2024-10-01 21:58:55 +0000"},"done":true},"minecraft:recipes/redstone/note_block":{"criteria":{"has_redstone":"2024-10-01 21:58:55 +0000"},"done":true},"minecraft:recipes/redstone/target":{"criteria":{"has_redstone":"2024-10-01 21:58:55 +0000"},"done":true},"minecraft:recipes/tools/compass":{"criteria":{"has_redstone":"2024-10-01 21:58:55 +0000"},"done":true},"minecraft:recipes/redstone/piston":{"criteria":{"has_redstone":"2024-10-01 21:58:55 +0000"},"done":true},"minecraft:recipes/misc/bone_meal":{"criteria":{"has_bone":"2024-10-01 22:03:02 +0000"},"done":true},"DataVersion":3955}