{"minecraft:recipes/misc/pink_dye_from_pink_petals":{"criteria":{"has_pink_petals":"2024-09-28 18:30:12 +0000"},"done":true},"minecraft:recipes/decorations/crafting_table":{"criteria":{"unlock_right_away":"2024-09-28 18:29:34 +0000"},"done":true},"minecraft:adventure/adventuring_time":{"criteria":{"minecraft:snowy_slopes":"2024-09-28 18:30:18 +0000","minecraft:forest":"2024-09-28 18:31:44 +0000","minecraft:cherry_grove":"2024-09-28 18:29:54 +0000","minecraft:plains":"2024-09-28 18:29:35 +0000"},"done":false},"minecraft:adventure/who_needs_rockets":{"criteria":{"who_needs_rockets":"2024-09-28 18:33:13 +0000"},"done":true},"DataVersion":3955}