{"automaticons:progression/repair":{"criteria":{"requirement":"2024-09-30 12:58:31 +0000"},"done":true},"minecraft:recipes/transportation/mangrove_boat":{"criteria":{"in_water":"2024-09-30 13:01:00 +0000"},"done":true},"minecraft:recipes/misc/iron_nugget_from_smelting":{"criteria":{"has_iron_pickaxe":"2024-09-30 12:57:30 +0000"},"done":true},"eroxified2:core/installed_packs":{"criteria":{"requirement":"2024-09-30 12:56:29 +0000"},"done":true},"mcpaint:guide/root":{"criteria":{"requirement":"2024-09-30 12:57:29 +0000"},"done":true},"minecraft:story/iron_tools":{"criteria":{"iron_pickaxe":"2024-09-30 12:57:30 +0000"},"done":true},"eroxified2:core/success":{"criteria":{"requirement":"2024-09-30 12:56:29 +0000"},"done":true},"mcpaint:installed":{"criteria":{"requirement":"2024-09-30 12:56:29 +0000"},"done":true},"eroxified2:core/root":{"criteria":{"requirement":"2024-09-30 12:56:29 +0000"},"done":true},"eroxified2:core/links":{"criteria":{"requirement":"2024-09-30 12:56:29 +0000"},"done":true},"eroxified2:item.throwable/stopsound/lingering_potion":{"criteria":{"requirement":"2024-09-30 12:56:29 +0000"},"done":true},"minecraft:recipes/decorations/crafting_table":{"criteria":{"unlock_right_away":"2024-09-30 12:56:29 +0000"},"done":true},"automaticons:progression/root":{"criteria":{"requirement":"2024-09-30 12:56:29 +0000"},"done":true},"minecraft:recipes/decorations/armor_stand":{"criteria":{"has_stone_slab":"2024-09-30 12:57:36 +0000"},"done":true},"minecraft:recipes/transportation/acacia_boat":{"criteria":{"in_water":"2024-09-30 13:01:00 +0000"},"done":true},"minecraft:recipes/transportation/cherry_boat":{"criteria":{"in_water":"2024-09-30 13:01:00 +0000"},"done":true},"minecraft:recipes/misc/iron_nugget_from_blasting":{"criteria":{"has_iron_pickaxe":"2024-09-30 12:57:30 +0000"},"done":true},"minecraft:adventure/adventuring_time":{"criteria":{"minecraft:taiga":"2024-09-30 12:56:29 +0000","minecraft:river":"2024-09-30 12:59:03 +0000"},"done":false},"minecraft:recipes/transportation/bamboo_raft":{"criteria":{"in_water":"2024-09-30 13:01:00 +0000"},"done":true},"minecraft:recipes/misc/raw_iron":{"criteria":{"has_raw_iron_block":"2024-09-30 12:57:29 +0000"},"done":true},"minecraft:recipes/transportation/spruce_boat":{"criteria":{"in_water":"2024-09-30 13:01:00 +0000"},"done":true},"minecraft:recipes/transportation/birch_boat":{"criteria":{"in_water":"2024-09-30 13:01:00 +0000"},"done":true},"minecraft:recipes/transportation/oak_boat":{"criteria":{"in_water":"2024-09-30 13:01:00 +0000"},"done":true},"minecraft:story/root":{"criteria":{"crafting_table":"2024-09-30 12:57:38 +0000"},"done":true},"automaticons:progression/obtain":{"criteria":{"iron_pickaxe":"2024-09-30 12:57:50 +0000"},"done":false},"minecraft:recipes/transportation/jungle_boat":{"criteria":{"in_water":"2024-09-30 13:01:00 +0000"},"done":true},"eroxified2:core/info":{"criteria":{"requirement":"2024-09-30 12:56:29 +0000"},"done":true},"minecraft:recipes/transportation/dark_oak_boat":{"criteria":{"in_water":"2024-09-30 13:01:00 +0000"},"done":true},"DataVersion":3955}