{"minecraft:recipes/misc/pink_dye_from_pink_petals":{"criteria":{"has_pink_petals":"2024-09-28 18:30:12 +0000"},"done":true},"minecraft:recipes/combat/leather_helmet":{"criteria":{"has_leather":"2024-09-28 18:39:07 +0000"},"done":true},"minecraft:recipes/combat/leather_leggings":{"criteria":{"has_leather":"2024-09-28 18:39:07 +0000"},"done":true},"minecraft:recipes/food/cooked_beef_from_smoking":{"criteria":{"has_beef":"2024-09-28 18:39:07 +0000"},"done":true},"minecraft:recipes/decorations/light_gray_bed":{"criteria":{"has_light_gray_wool":"2024-09-28 18:39:04 +0000"},"done":true},"minecraft:recipes/decorations/item_frame":{"criteria":{"has_leather":"2024-09-28 18:39:07 +0000"},"done":true},"minecraft:recipes/decorations/painting":{"criteria":{"has_wool":"2024-09-28 18:39:04 +0000"},"done":true},"minecraft:recipes/combat/leather_chestplate":{"criteria":{"has_leather":"2024-09-28 18:39:07 +0000"},"done":true},"minecraft:recipes/decorations/crafting_table":{"criteria":{"unlock_right_away":"2024-09-28 18:29:34 +0000"},"done":true},"minecraft:adventure/root":{"criteria":{"killed_by_something":"2024-09-28 18:34:35 +0000"},"done":true},"minecraft:adventure/kill_all_mobs":{"criteria":{"minecraft:skeleton":"2024-09-28 18:37:11 +0000"},"done":false},"minecraft:recipes/misc/red_dye_from_poppy":{"criteria":{"has_poppy":"2024-09-28 18:36:21 +0000"},"done":true},"minecraft:recipes/decorations/light_gray_banner":{"criteria":{"has_light_gray_wool":"2024-09-28 18:39:04 +0000"},"done":true},"minecraft:adventure/kill_a_mob":{"criteria":{"minecraft:skeleton":"2024-09-28 18:37:11 +0000"},"done":true},"minecraft:adventure/adventuring_time":{"criteria":{"minecraft:snowy_slopes":"2024-09-28 18:30:18 +0000","minecraft:forest":"2024-09-28 18:31:44 +0000","minecraft:cherry_grove":"2024-09-28 18:29:54 +0000","minecraft:plains":"2024-09-28 18:29:35 +0000"},"done":false},"minecraft:recipes/decorations/light_gray_carpet":{"criteria":{"has_light_gray_wool":"2024-09-28 18:39:04 +0000"},"done":true},"minecraft:recipes/combat/leather_boots":{"criteria":{"has_leather":"2024-09-28 18:39:07 +0000"},"done":true},"minecraft:recipes/misc/leather_horse_armor":{"criteria":{"has_leather":"2024-09-28 18:39:07 +0000"},"done":true},"minecraft:recipes/food/cooked_beef":{"criteria":{"has_beef":"2024-09-28 18:39:07 +0000"},"done":true},"minecraft:recipes/food/cooked_beef_from_campfire_cooking":{"criteria":{"has_beef":"2024-09-28 18:39:07 +0000"},"done":true},"minecraft:adventure/who_needs_rockets":{"criteria":{"who_needs_rockets":"2024-09-28 18:33:13 +0000"},"done":true},"DataVersion":3955}