{"minecraft:recipes/misc/light_gray_dye_from_azure_bluet":{"criteria":{"has_azure_bluet":"2024-09-28 19:39:32 +0000"},"done":true},"minecraft:recipes/decorations/campfire":{"criteria":{"has_coal":"2024-09-28 19:39:26 +0000"},"done":true},"minecraft:recipes/decorations/crafting_table":{"criteria":{"unlock_right_away":"2024-09-28 19:34:06 +0000"},"done":true},"minecraft:adventure/adventuring_time":{"criteria":{"minecraft:flower_forest":"2024-09-28 19:35:22 +0000","minecraft:forest":"2024-09-28 19:35:05 +0000","minecraft:taiga":"2024-09-28 19:36:39 +0000","minecraft:river":"2024-09-28 19:35:21 +0000","minecraft:plains":"2024-09-28 19:34:07 +0000"},"done":false},"minecraft:recipes/misc/red_dye_from_tulip":{"criteria":{"has_red_flower":"2024-09-28 19:39:35 +0000"},"done":true},"minecraft:recipes/building_blocks/coal_block":{"criteria":{"has_coal":"2024-09-28 19:39:26 +0000"},"done":true},"minecraft:story/root":{"criteria":{"crafting_table":"2024-09-28 19:39:36 +0000"},"done":true},"DataVersion":3955}