{"minecraft:recipes/decorations/crafting_table":{"criteria":{"unlock_right_away":"2024-09-23 15:51:59 +0000"},"done":true},"minecraft:adventure/adventuring_time":{"criteria":{"minecraft:snowy_slopes":"2024-09-23 15:57:41 +0000","minecraft:forest":"2024-09-23 15:57:57 +0000","minecraft:cherry_grove":"2024-09-23 15:56:49 +0000","minecraft:frozen_peaks":"2024-09-23 15:57:30 +0000","minecraft:plains":"2024-09-23 15:52:00 +0000"},"done":false},"minecraft:adventure/root":{"criteria":{"killed_something":"2024-09-23 15:56:52 +0000"},"done":true},"minecraft:adventure/kill_all_mobs":{"criteria":{"minecraft:skeleton":"2024-09-23 15:56:52 +0000"},"done":false},"minecraft:adventure/kill_a_mob":{"criteria":{"minecraft:skeleton":"2024-09-23 15:56:52 +0000"},"done":true},"minecraft:recipes/food/cooked_mutton_from_smoking":{"criteria":{"has_mutton":"2024-09-23 15:57:00 +0000"},"done":true},"minecraft:recipes/decorations/light_gray_bed":{"criteria":{"has_light_gray_wool":"2024-09-23 15:57:00 +0000"},"done":true},"minecraft:recipes/food/cooked_mutton":{"criteria":{"has_mutton":"2024-09-23 15:57:00 +0000"},"done":true},"minecraft:recipes/decorations/painting":{"criteria":{"has_wool":"2024-09-23 15:57:00 +0000"},"done":true},"minecraft:recipes/food/cooked_mutton_from_campfire_cooking":{"criteria":{"has_mutton":"2024-09-23 15:57:00 +0000"},"done":true},"minecraft:recipes/decorations/light_gray_banner":{"criteria":{"has_light_gray_wool":"2024-09-23 15:57:00 +0000"},"done":true},"minecraft:recipes/decorations/light_gray_carpet":{"criteria":{"has_light_gray_wool":"2024-09-23 15:57:00 +0000"},"done":true},"minecraft:recipes/misc/pink_dye_from_pink_petals":{"criteria":{"has_pink_petals":"2024-09-28 18:32:25 +0000"},"done":true},"minecraft:adventure/who_needs_rockets":{"criteria":{"who_needs_rockets":"2024-09-28 18:32:49 +0000"},"done":true},"DataVersion":3955}