{"eroxified2:item.throwable/stopsound/lingering_potion":{"criteria":{"requirement":"2024-09-30 12:21:14 +0000"},"done":true},"minecraft:recipes/decorations/crafting_table":{"criteria":{"unlock_right_away":"2024-09-30 12:21:14 +0000"},"done":true},"automaticons:progression/root":{"criteria":{"requirement":"2024-09-30 12:21:14 +0000"},"done":true},"minecraft:adventure/adventuring_time":{"criteria":{"minecraft:old_growth_pine_taiga":"2024-09-30 12:23:16 +0000","minecraft:taiga":"2024-09-30 12:21:14 +0000","minecraft:river":"2024-09-30 12:22:53 +0000","minecraft:meadow":"2024-09-30 12:22:57 +0000","minecraft:snowy_plains":"2024-09-30 12:25:26 +0000","minecraft:old_growth_spruce_taiga":"2024-09-30 12:23:23 +0000","minecraft:dripstone_caves":"2024-09-30 12:26:01 +0000","minecraft:snowy_taiga":"2024-09-30 12:24:22 +0000"},"done":false},"mcpaint:guide/root":{"criteria":{"requirement":"2024-09-30 12:23:07 +0000"},"done":true},"minecraft:end/elytra":{"criteria":{"elytra":"2024-09-30 12:23:07 +0000"},"done":true},"nova_structures:adventure/find_all_illager_structures":{"criteria":{"lone_citadel":"2024-09-30 12:24:22 +0000"},"done":false},"nova_structures:adventure/find_lone_citadel":{"criteria":{"lone_citadel":"2024-09-30 12:24:22 +0000"},"done":true},"minecraft:recipes/building_blocks/spruce_planks":{"criteria":{"has_logs":"2024-09-30 12:27:02 +0000"},"done":true},"minecraft:recipes/misc/charcoal":{"criteria":{"has_log":"2024-09-30 12:27:02 +0000"},"done":true},"minecraft:recipes/building_blocks/spruce_wood":{"criteria":{"has_log":"2024-09-30 12:27:02 +0000"},"done":true},"eroxified2:core/installed_packs":{"criteria":{"requirement":"2024-09-30 14:20:20 +0000"},"done":true},"eroxified2:core/success":{"criteria":{"requirement":"2024-09-30 14:20:20 +0000"},"done":true},"mcpaint:installed":{"criteria":{"requirement":"2024-09-30 14:20:20 +0000"},"done":true},"eroxified2:core/root":{"criteria":{"requirement":"2024-09-30 14:20:20 +0000"},"done":true},"eroxified2:core/links":{"criteria":{"requirement":"2024-09-30 14:20:20 +0000"},"done":true},"eroxified2:core/info":{"criteria":{"requirement":"2024-09-30 14:20:20 +0000"},"done":true},"minecraft:recipes/combat/leather_helmet":{"criteria":{"has_leather":"2024-09-30 14:22:10 +0000"},"done":true},"minecraft:recipes/combat/leather_leggings":{"criteria":{"has_leather":"2024-09-30 14:22:10 +0000"},"done":true},"minecraft:recipes/combat/bow":{"criteria":{"has_string":"2024-09-30 14:22:12 +0000"},"done":true},"minecraft:recipes/decorations/item_frame":{"criteria":{"has_leather":"2024-09-30 14:22:10 +0000"},"done":true},"minecraft:recipes/combat/leather_chestplate":{"criteria":{"has_leather":"2024-09-30 14:22:10 +0000"},"done":true},"minecraft:recipes/tools/fishing_rod":{"criteria":{"has_string":"2024-09-30 14:22:12 +0000"},"done":true},"minecraft:recipes/decorations/chest":{"criteria":{"has_lots_of_items":"2024-09-30 14:23:23 +0000"},"done":true},"minecraft:recipes/building_blocks/white_wool_from_string":{"criteria":{"has_string":"2024-09-30 14:22:12 +0000"},"done":true},"minecraft:recipes/redstone/tripwire_hook":{"criteria":{"has_string":"2024-09-30 14:22:12 +0000"},"done":true},"minecraft:recipes/combat/crossbow":{"criteria":{"has_string":"2024-09-30 14:22:12 +0000"},"done":true},"minecraft:recipes/combat/leather_boots":{"criteria":{"has_leather":"2024-09-30 14:22:10 +0000"},"done":true},"minecraft:recipes/decorations/candle":{"criteria":{"has_string":"2024-09-30 14:22:12 +0000"},"done":true},"minecraft:recipes/misc/leather_horse_armor":{"criteria":{"has_leather":"2024-09-30 14:22:10 +0000"},"done":true},"minecraft:recipes/decorations/loom":{"criteria":{"has_string":"2024-09-30 14:22:12 +0000"},"done":true},"minecraft:story/root":{"criteria":{"crafting_table":"2024-09-30 14:22:05 +0000"},"done":true},"DataVersion":3955}