{"eroxified2:core/installed_packs":{"criteria":{"requirement":"2024-10-01 17:28:45 +0000"},"done":true},"eroxified2:core/success":{"criteria":{"requirement":"2024-10-01 17:28:45 +0000"},"done":true},"mcpaint:installed":{"criteria":{"requirement":"2024-10-01 17:28:45 +0000"},"done":true},"eroxified2:core/root":{"criteria":{"requirement":"2024-10-01 17:28:45 +0000"},"done":true},"eroxified2:core/links":{"criteria":{"requirement":"2024-10-01 17:28:45 +0000"},"done":true},"eroxified2:item.throwable/stopsound/lingering_potion":{"criteria":{"requirement":"2024-09-30 18:55:11 +0000"},"done":true},"minecraft:recipes/decorations/crafting_table":{"criteria":{"unlock_right_away":"2024-09-30 18:55:11 +0000"},"done":true},"automaticons:progression/root":{"criteria":{"requirement":"2024-09-30 18:55:11 +0000"},"done":true},"eroxified2:core/info":{"criteria":{"requirement":"2024-10-01 17:28:45 +0000"},"done":true},"minecraft:adventure/adventuring_time":{"criteria":{"minecraft:cold_ocean":"2024-10-01 17:57:33 +0000","minecraft:beach":"2024-10-01 17:49:45 +0000","minecraft:old_growth_pine_taiga":"2024-09-30 19:02:55 +0000","minecraft:forest":"2024-09-30 19:39:03 +0000","minecraft:taiga":"2024-09-30 18:55:12 +0000","minecraft:river":"2024-09-30 19:02:02 +0000","minecraft:lush_caves":"2024-09-30 19:47:32 +0000","minecraft:dripstone_caves":"2024-09-30 19:02:13 +0000","minecraft:old_growth_birch_forest":"2024-09-30 19:43:46 +0000","minecraft:grove":"2024-09-30 19:44:13 +0000","minecraft:meadow":"2024-09-30 18:55:34 +0000","minecraft:birch_forest":"2024-10-01 17:51:47 +0000","minecraft:old_growth_spruce_taiga":"2024-09-30 19:43:27 +0000","minecraft:plains":"2024-09-30 19:49:23 +0000","minecraft:jagged_peaks":"2024-09-30 19:44:14 +0000"},"done":false},"mcpaint:guide/root":{"criteria":{"requirement":"2024-09-30 18:59:00 +0000"},"done":true},"minecraft:adventure/sleep_in_bed":{"criteria":{"slept_in_bed":"2024-09-30 18:59:11 +0000"},"done":true},"minecraft:recipes/decorations/chest":{"criteria":{"has_lots_of_items":"2024-09-30 19:07:22 +0000"},"done":true},"minecraft:adventure/root":{"criteria":{"killed_by_something":"2024-09-30 19:08:37 +0000"},"done":true},"minecraft:story/shiny_gear":{"criteria":{"diamond_helmet":"2024-09-30 19:09:52 +0000"},"done":true},"minecraft:recipes/transportation/mangrove_boat":{"criteria":{"in_water":"2024-09-30 19:15:22 +0000"},"done":true},"minecraft:recipes/transportation/acacia_boat":{"criteria":{"in_water":"2024-09-30 19:15:22 +0000"},"done":true},"minecraft:recipes/transportation/cherry_boat":{"criteria":{"in_water":"2024-09-30 19:15:22 +0000"},"done":true},"minecraft:recipes/transportation/bamboo_raft":{"criteria":{"in_water":"2024-09-30 19:15:22 +0000"},"done":true},"minecraft:recipes/transportation/spruce_boat":{"criteria":{"in_water":"2024-09-30 19:15:22 +0000"},"done":true},"minecraft:recipes/transportation/birch_boat":{"criteria":{"in_water":"2024-09-30 19:15:22 +0000"},"done":true},"minecraft:recipes/transportation/oak_boat":{"criteria":{"in_water":"2024-09-30 19:15:22 +0000"},"done":true},"minecraft:recipes/transportation/jungle_boat":{"criteria":{"in_water":"2024-09-30 19:15:22 +0000"},"done":true},"minecraft:recipes/transportation/dark_oak_boat":{"criteria":{"in_water":"2024-09-30 19:15:22 +0000"},"done":true},"minecraft:end/elytra":{"criteria":{"elytra":"2024-09-30 19:43:01 +0000"},"done":true},"minecraft:recipes/building_blocks/stone_bricks":{"criteria":{"has_stone":"2024-10-01 18:11:27 +0000"},"done":true},"minecraft:recipes/building_blocks/polished_granite_stairs":{"criteria":{"has_polished_granite":"2024-10-01 19:20:56 +0000"},"done":true},"minecraft:recipes/decorations/blast_furnace":{"criteria":{"has_smooth_stone":"2024-10-01 18:39:15 +0000"},"done":true},"minecraft:recipes/decorations/polished_tuff_wall":{"criteria":{"has_polished_tuff":"2024-10-01 18:46:51 +0000"},"done":true},"minecraft:recipes/building_blocks/stone_brick_slab_from_stone_stonecutting":{"criteria":{"has_stone":"2024-10-01 18:11:27 +0000"},"done":true},"minecraft:recipes/building_blocks/smooth_quartz_slab_from_smooth_quartz_stonecutting":{"criteria":{"has_smooth_quartz":"2024-10-01 18:41:22 +0000"},"done":true},"minecraft:recipes/building_blocks/waxed_exposed_copper_grate_from_waxed_exposed_copper_stonecutting":{"criteria":{"has_waxed_exposed_copper":"2024-10-01 19:14:08 +0000"},"done":true},"minecraft:recipes/redstone/waxed_exposed_copper_bulb":{"criteria":{"has_waxed_exposed_copper":"2024-10-01 19:14:08 +0000"},"done":true},"minecraft:recipes/decorations/deepslate_brick_wall_from_deepslate_bricks_stonecutting":{"criteria":{"has_deepslate_bricks":"2024-10-01 18:00:31 +0000"},"done":true},"minecraft:recipes/building_blocks/polished_diorite_slab":{"criteria":{"has_polished_diorite":"2024-10-01 18:40:30 +0000"},"done":true},"minecraft:recipes/building_blocks/quartz_stairs":{"criteria":{"has_quartz_block":"2024-10-01 19:19:30 +0000"},"done":true},"minecraft:recipes/decorations/tuff_brick_wall_from_polished_tuff_stonecutting":{"criteria":{"has_polished_tuff":"2024-10-01 18:46:51 +0000"},"done":true},"minecraft:recipes/building_blocks/smooth_quartz_slab":{"criteria":{"has_smooth_quartz":"2024-10-01 18:41:22 +0000"},"done":true},"minecraft:recipes/building_blocks/stone_brick_stairs_from_stone_stonecutting":{"criteria":{"has_stone":"2024-10-01 18:11:27 +0000"},"done":true},"minecraft:recipes/decorations/stone_brick_wall":{"criteria":{"has_stone_bricks":"2024-10-01 18:19:55 +0000"},"done":true},"minecraft:recipes/building_blocks/smooth_quartz":{"criteria":{"has_quartz_block":"2024-10-01 19:19:30 +0000"},"done":true},"minecraft:recipes/building_blocks/polished_diorite_stairs":{"criteria":{"has_polished_diorite":"2024-10-01 18:40:30 +0000"},"done":true},"minecraft:recipes/misc/blue_dye":{"criteria":{"has_lapis_lazuli":"2024-10-01 17:39:32 +0000"},"done":true},"minecraft:recipes/building_blocks/waxed_exposed_cut_copper_slab_from_waxed_exposed_copper_stonecutting":{"criteria":{"has_waxed_exposed_copper":"2024-10-01 19:14:08 +0000"},"done":true},"minecraft:recipes/building_blocks/tuff_brick_stairs_from_polished_tuff_stonecutting":{"criteria":{"has_polished_tuff":"2024-10-01 18:46:51 +0000"},"done":true},"minecraft:recipes/building_blocks/quartz_slab":{"criteria":{"has_quartz_block":"2024-10-01 19:19:30 +0000"},"done":true},"minecraft:recipes/building_blocks/chiseled_quartz_block":{"criteria":{"has_quartz_block":"2024-10-01 19:19:30 +0000"},"done":true},"minecraft:recipes/building_blocks/deepslate_tile_stairs_from_deepslate_bricks_stonecutting":{"criteria":{"has_deepslate_bricks":"2024-10-01 18:00:31 +0000"},"done":true},"minecraft:recipes/building_blocks/polished_granite_stairs_from_polished_granite_stonecutting":{"criteria":{"has_polished_granite":"2024-10-01 19:20:56 +0000"},"done":true},"minecraft:recipes/building_blocks/quartz_bricks":{"criteria":{"has_quartz_block":"2024-10-01 19:19:30 +0000"},"done":true},"minecraft:recipes/decorations/deepslate_brick_wall":{"criteria":{"has_deepslate_bricks":"2024-10-01 18:00:31 +0000"},"done":true},"minecraft:recipes/building_blocks/quartz_bricks_from_quartz_block_stonecutting":{"criteria":{"has_quartz_block":"2024-10-01 19:19:30 +0000"},"done":true},"minecraft:recipes/building_blocks/lapis_block":{"criteria":{"has_lapis_lazuli":"2024-10-01 17:39:32 +0000"},"done":true},"minecraft:recipes/building_blocks/polished_andesite_stairs":{"criteria":{"has_polished_andesite":"2024-10-01 18:41:00 +0000"},"done":true},"minecraft:recipes/building_blocks/stone_brick_slab_from_stone_bricks_stonecutting":{"criteria":{"has_stone_bricks":"2024-10-01 18:19:55 +0000"},"done":true},"minecraft:recipes/building_blocks/stone_slab_from_stone_stonecutting":{"criteria":{"has_stone":"2024-10-01 18:11:27 +0000"},"done":true},"minecraft:recipes/building_blocks/cracked_stone_bricks":{"criteria":{"has_stone_bricks":"2024-10-01 18:19:55 +0000"},"done":true},"minecraft:recipes/building_blocks/stone_brick_stairs_from_stone_bricks_stonecutting":{"criteria":{"has_stone_bricks":"2024-10-01 18:19:55 +0000"},"done":true},"minecraft:recipes/misc/charcoal":{"criteria":{"has_log":"2024-10-01 18:11:14 +0000"},"done":true},"minecraft:recipes/building_blocks/polished_tuff_slab_from_polished_tuff_stonecutting":{"criteria":{"has_polished_tuff":"2024-10-01 18:46:51 +0000"},"done":true},"minecraft:recipes/building_blocks/mossy_stone_brick_stairs":{"criteria":{"has_mossy_stone_bricks":"2024-10-01 18:19:57 +0000"},"done":true},"minecraft:recipes/building_blocks/stone_brick_slab":{"criteria":{"has_stone_bricks":"2024-10-01 18:19:55 +0000"},"done":true},"minecraft:recipes/building_blocks/stone_brick_stairs":{"criteria":{"has_stone_bricks":"2024-10-01 18:19:55 +0000"},"done":true},"minecraft:recipes/building_blocks/stone_bricks_from_stone_stonecutting":{"criteria":{"has_stone":"2024-10-01 18:11:27 +0000"},"done":true},"minecraft:recipes/building_blocks/chiseled_stone_bricks_from_stone_bricks_stonecutting":{"criteria":{"has_stone_bricks":"2024-10-01 18:19:55 +0000"},"done":true},"minecraft:recipes/building_blocks/stone_slab":{"criteria":{"has_stone":"2024-10-01 18:11:27 +0000"},"done":true},"minecraft:recipes/building_blocks/waxed_exposed_cut_copper_from_waxed_exposed_copper_stonecutting":{"criteria":{"has_waxed_exposed_copper":"2024-10-01 19:14:08 +0000"},"done":true},"minecraft:recipes/decorations/composter":{"criteria":{"has_wood_slab":"2024-10-01 18:51:36 +0000"},"done":true},"minecraft:adventure/under_lock_and_key":{"criteria":{"under_lock_and_key":"2024-10-01 17:38:22 +0000"},"done":true},"minecraft:recipes/building_blocks/deepslate_brick_stairs":{"criteria":{"has_deepslate_bricks":"2024-10-01 18:00:31 +0000"},"done":true},"minecraft:recipes/building_blocks/polished_andesite_slab":{"criteria":{"has_polished_andesite":"2024-10-01 18:41:00 +0000"},"done":true},"minecraft:recipes/building_blocks/chiseled_stone_bricks":{"criteria":{"has_tag":"2024-10-01 18:19:55 +0000"},"done":true},"minecraft:recipes/building_blocks/chiseled_stone_bricks_stone_from_stonecutting":{"criteria":{"has_stone":"2024-10-01 18:11:27 +0000"},"done":true},"minecraft:recipes/redstone/dispenser":{"criteria":{"has_bow":"2024-10-01 17:38:31 +0000"},"done":true},"minecraft:recipes/building_blocks/deepslate_tiles_from_deepslate_bricks_stonecutting":{"criteria":{"has_deepslate_bricks":"2024-10-01 18:00:31 +0000"},"done":true},"minecraft:recipes/building_blocks/stone_stairs_from_stone_stonecutting":{"criteria":{"has_stone":"2024-10-01 18:11:27 +0000"},"done":true},"minecraft:recipes/decorations/mossy_stone_brick_wall":{"criteria":{"has_mossy_stone_bricks":"2024-10-01 18:19:57 +0000"},"done":true},"minecraft:recipes/decorations/armor_stand":{"criteria":{"has_stone_slab":"2024-10-01 19:20:32 +0000"},"done":true},"minecraft:recipes/building_blocks/chiseled_quartz_block_from_quartz_block_stonecutting":{"criteria":{"has_quartz_block":"2024-10-01 19:19:30 +0000"},"done":true},"minecraft:story/enchant_item":{"criteria":{"enchanted_item":"2024-10-01 17:39:50 +0000"},"done":true},"minecraft:recipes/building_blocks/deepslate_brick_slab":{"criteria":{"has_deepslate_bricks":"2024-10-01 18:00:31 +0000"},"done":true},"minecraft:recipes/building_blocks/polished_diorite_stairs_from_polished_diorite_stonecutting":{"criteria":{"has_polished_diorite":"2024-10-01 18:40:30 +0000"},"done":true},"minecraft:recipes/building_blocks/quartz_pillar_from_quartz_block_stonecutting":{"criteria":{"has_quartz_block":"2024-10-01 19:19:30 +0000"},"done":true},"minecraft:recipes/building_blocks/polished_tuff_stairs":{"criteria":{"has_polished_tuff":"2024-10-01 18:46:51 +0000"},"done":true},"minecraft:recipes/building_blocks/polished_diorite_slab_from_polished_diorite_stonecutting":{"criteria":{"has_polished_diorite":"2024-10-01 18:40:30 +0000"},"done":true},"minecraft:recipes/building_blocks/oak_planks":{"criteria":{"has_logs":"2024-10-01 18:11:14 +0000"},"done":true},"minecraft:recipes/building_blocks/waxed_exposed_chiseled_copper_from_waxed_exposed_copper_stonecutting":{"criteria":{"has_waxed_exposed_copper":"2024-10-01 19:14:08 +0000"},"done":true},"minecraft:recipes/decorations/deepslate_tile_wall_from_deepslate_bricks_stonecutting":{"criteria":{"has_deepslate_bricks":"2024-10-01 18:00:31 +0000"},"done":true},"minecraft:recipes/building_blocks/quartz_slab_from_stonecutting":{"criteria":{"has_quartz_block":"2024-10-01 19:19:30 +0000"},"done":true},"minecraft:recipes/building_blocks/polished_tuff_stairs_from_polished_tuff_stonecutting":{"criteria":{"has_polished_tuff":"2024-10-01 18:46:51 +0000"},"done":true},"minecraft:recipes/redstone/stone_button":{"criteria":{"has_stone":"2024-10-01 18:11:27 +0000"},"done":true},"minecraft:recipes/building_blocks/mud_bricks":{"criteria":{"has_packed_mud":"2024-10-01 19:19:53 +0000"},"done":true},"minecraft:recipes/building_blocks/waxed_exposed_copper_grate":{"criteria":{"has_waxed_exposed_copper":"2024-10-01 19:14:08 +0000"},"done":true},"minecraft:recipes/building_blocks/cracked_deepslate_bricks":{"criteria":{"has_deepslate_bricks":"2024-10-01 18:00:31 +0000"},"done":true},"minecraft:recipes/building_blocks/polished_tuff_slab":{"criteria":{"has_polished_tuff":"2024-10-01 18:46:51 +0000"},"done":true},"minecraft:recipes/building_blocks/chiseled_tuff_bricks_from_polished_tuff_stonecutting":{"criteria":{"has_polished_tuff":"2024-10-01 18:46:51 +0000"},"done":true},"minecraft:recipes/decorations/stonecutter":{"criteria":{"has_stone":"2024-10-01 18:11:27 +0000"},"done":true},"minecraft:recipes/decorations/barrel":{"criteria":{"has_wood_slab":"2024-10-01 18:51:36 +0000"},"done":true},"minecraft:recipes/building_blocks/mossy_stone_brick_slab":{"criteria":{"has_mossy_stone_bricks":"2024-10-01 18:19:57 +0000"},"done":true},"minecraft:recipes/redstone/stone_pressure_plate":{"criteria":{"has_stone":"2024-10-01 18:11:27 +0000"},"done":true},"minecraft:recipes/building_blocks/polished_andesite_slab_from_polished_andesite_stonecutting":{"criteria":{"has_polished_andesite":"2024-10-01 18:41:00 +0000"},"done":true},"minecraft:recipes/building_blocks/deepslate_tile_slab_from_deepslate_bricks_stonecutting":{"criteria":{"has_deepslate_bricks":"2024-10-01 18:00:31 +0000"},"done":true},"minecraft:recipes/building_blocks/waxed_exposed_cut_copper":{"criteria":{"has_waxed_exposed_copper":"2024-10-01 19:14:08 +0000"},"done":true},"minecraft:recipes/building_blocks/waxed_exposed_cut_copper_stairs_from_waxed_exposed_copper_stonecutting":{"criteria":{"has_waxed_exposed_copper":"2024-10-01 19:14:08 +0000"},"done":true},"minecraft:recipes/building_blocks/quartz_pillar":{"criteria":{"has_quartz_block":"2024-10-01 19:19:30 +0000"},"done":true},"minecraft:recipes/building_blocks/smooth_stone":{"criteria":{"has_stone":"2024-10-01 18:11:27 +0000"},"done":true},"minecraft:recipes/building_blocks/tuff_bricks":{"criteria":{"has_polished_tuff":"2024-10-01 18:46:51 +0000"},"done":true},"minecraft:recipes/building_blocks/quartz_stairs_from_quartz_block_stonecutting":{"criteria":{"has_quartz_block":"2024-10-01 19:19:30 +0000"},"done":true},"minecraft:recipes/building_blocks/deepslate_tiles":{"criteria":{"has_deepslate_bricks":"2024-10-01 18:00:31 +0000"},"done":true},"minecraft:recipes/building_blocks/mossy_stone_brick_stairs_from_mossy_stone_brick_stonecutting":{"criteria":{"has_mossy_stone_bricks":"2024-10-01 18:19:57 +0000"},"done":true},"minecraft:recipes/building_blocks/smooth_stone_slab":{"criteria":{"has_smooth_stone":"2024-10-01 18:39:15 +0000"},"done":true},"minecraft:recipes/decorations/polished_tuff_wall_from_polished_tuff_stonecutting":{"criteria":{"has_polished_tuff":"2024-10-01 18:46:51 +0000"},"done":true},"minecraft:recipes/building_blocks/polished_granite_slab_from_polished_granite_stonecutting":{"criteria":{"has_polished_granite":"2024-10-01 19:20:56 +0000"},"done":true},"minecraft:recipes/building_blocks/tuff_bricks_from_polished_tuff_stonecutting":{"criteria":{"has_polished_tuff":"2024-10-01 18:46:51 +0000"},"done":true},"minecraft:recipes/building_blocks/smooth_stone_slab_from_smooth_stone_stonecutting":{"criteria":{"has_smooth_stone":"2024-10-01 18:39:15 +0000"},"done":true},"minecraft:recipes/building_blocks/deepslate_brick_stairs_from_deepslate_bricks_stonecutting":{"criteria":{"has_deepslate_bricks":"2024-10-01 18:00:31 +0000"},"done":true},"minecraft:recipes/decorations/mossy_stone_brick_wall_from_mossy_stone_brick_stonecutting":{"criteria":{"has_mossy_stone_bricks":"2024-10-01 18:19:57 +0000"},"done":true},"minecraft:recipes/decorations/stone_brick_wall_from_stone_bricks_stonecutting":{"criteria":{"has_stone_bricks":"2024-10-01 18:19:55 +0000"},"done":true},"minecraft:recipes/building_blocks/polished_andesite_stairs_from_polished_andesite_stonecutting":{"criteria":{"has_polished_andesite":"2024-10-01 18:41:00 +0000"},"done":true},"minecraft:recipes/building_blocks/oak_wood":{"criteria":{"has_log":"2024-10-01 18:11:14 +0000"},"done":true},"minecraft:recipes/building_blocks/smooth_quartz_stairs":{"criteria":{"has_smooth_quartz":"2024-10-01 18:41:22 +0000"},"done":true},"minecraft:recipes/building_blocks/polished_granite_slab":{"criteria":{"has_polished_granite":"2024-10-01 19:20:56 +0000"},"done":true},"minecraft:recipes/redstone/repeater":{"criteria":{"has_redstone_torch":"2024-10-01 18:02:44 +0000"},"done":true},"minecraft:recipes/building_blocks/mossy_stone_brick_slab_from_mossy_stone_brick_stonecutting":{"criteria":{"has_mossy_stone_bricks":"2024-10-01 18:19:57 +0000"},"done":true},"minecraft:recipes/building_blocks/smooth_quartz_stairs_from_smooth_quartz_stonecutting":{"criteria":{"has_smooth_quartz":"2024-10-01 18:41:22 +0000"},"done":true},"minecraft:recipes/building_blocks/tuff_brick_slab_from_polished_tuff_stonecutting":{"criteria":{"has_polished_tuff":"2024-10-01 18:46:51 +0000"},"done":true},"minecraft:recipes/decorations/stone_brick_walls_from_stone_stonecutting":{"criteria":{"has_stone":"2024-10-01 18:11:27 +0000"},"done":true},"minecraft:recipes/building_blocks/stone_stairs":{"criteria":{"has_stone":"2024-10-01 18:11:27 +0000"},"done":true},"minecraft:recipes/building_blocks/deepslate_brick_slab_from_deepslate_bricks_stonecutting":{"criteria":{"has_deepslate_bricks":"2024-10-01 18:00:31 +0000"},"done":true},"DataVersion":3955}