{"minecraft:recipes/building_blocks/stone_bricks":{"criteria":{"has_stone":"2024-09-28 19:48:40 +0000"},"done":true},"minecraft:recipes/building_blocks/stone_brick_slab_from_stone_stonecutting":{"criteria":{"has_stone":"2024-09-28 19:48:40 +0000"},"done":true},"minecraft:recipes/building_blocks/stone_brick_stairs_from_stone_stonecutting":{"criteria":{"has_stone":"2024-09-28 19:48:40 +0000"},"done":true},"minecraft:recipes/building_blocks/stone_slab_from_stone_stonecutting":{"criteria":{"has_stone":"2024-09-28 19:48:40 +0000"},"done":true},"minecraft:recipes/building_blocks/stone_bricks_from_stone_stonecutting":{"criteria":{"has_stone":"2024-09-28 19:48:40 +0000"},"done":true},"minecraft:recipes/building_blocks/stone_slab":{"criteria":{"has_stone":"2024-09-28 19:48:40 +0000"},"done":true},"minecraft:recipes/decorations/crafting_table":{"criteria":{"unlock_right_away":"2024-09-28 19:33:46 +0000"},"done":true},"minecraft:end/elytra":{"criteria":{"elytra":"2024-09-28 19:45:36 +0000"},"done":true},"minecraft:recipes/building_blocks/chiseled_stone_bricks_stone_from_stonecutting":{"criteria":{"has_stone":"2024-09-28 19:48:40 +0000"},"done":true},"minecraft:recipes/building_blocks/stone_stairs_from_stone_stonecutting":{"criteria":{"has_stone":"2024-09-28 19:48:40 +0000"},"done":true},"minecraft:recipes/redstone/stone_button":{"criteria":{"has_stone":"2024-09-28 19:48:40 +0000"},"done":true},"minecraft:recipes/decorations/stonecutter":{"criteria":{"has_stone":"2024-09-28 19:48:40 +0000"},"done":true},"minecraft:adventure/adventuring_time":{"criteria":{"minecraft:flower_forest":"2024-09-28 19:35:27 +0000","minecraft:forest":"2024-09-28 19:40:10 +0000","minecraft:taiga":"2024-09-28 19:47:44 +0000","minecraft:river":"2024-09-28 19:35:25 +0000","minecraft:swamp":"2024-09-28 19:47:41 +0000","minecraft:dripstone_caves":"2024-09-28 19:42:02 +0000","minecraft:plains":"2024-09-28 19:33:47 +0000"},"done":false},"minecraft:recipes/redstone/stone_pressure_plate":{"criteria":{"has_stone":"2024-09-28 19:48:40 +0000"},"done":true},"minecraft:recipes/building_blocks/smooth_stone":{"criteria":{"has_stone":"2024-09-28 19:48:40 +0000"},"done":true},"minecraft:recipes/decorations/stone_brick_walls_from_stone_stonecutting":{"criteria":{"has_stone":"2024-09-28 19:48:40 +0000"},"done":true},"minecraft:recipes/building_blocks/stone_stairs":{"criteria":{"has_stone":"2024-09-28 19:48:40 +0000"},"done":true},"DataVersion":3955}