{"minecraft:recipes/decorations/crafting_table":{"criteria":{"unlock_right_away":"2024-09-28 18:31:10 +0000"},"done":true},"minecraft:adventure/root":{"criteria":{"killed_something":"2024-09-28 18:35:34 +0000"},"done":true},"minecraft:adventure/adventuring_time":{"criteria":{"minecraft:forest":"2024-09-28 18:31:26 +0000","minecraft:plains":"2024-09-28 18:31:11 +0000"},"done":false},"minecraft:adventure/who_needs_rockets":{"criteria":{"who_needs_rockets":"2024-09-28 18:32:22 +0000"},"done":true},"DataVersion":3955}