{"eroxified2:core/installed_packs":{"criteria":{"requirement":"2024-10-01 17:28:45 +0000"},"done":true},"eroxified2:core/success":{"criteria":{"requirement":"2024-10-01 17:28:45 +0000"},"done":true},"mcpaint:installed":{"criteria":{"requirement":"2024-10-01 17:28:45 +0000"},"done":true},"eroxified2:core/root":{"criteria":{"requirement":"2024-10-01 17:28:45 +0000"},"done":true},"eroxified2:core/links":{"criteria":{"requirement":"2024-10-01 17:28:45 +0000"},"done":true},"eroxified2:item.throwable/stopsound/lingering_potion":{"criteria":{"requirement":"2024-09-30 18:55:11 +0000"},"done":true},"minecraft:recipes/decorations/crafting_table":{"criteria":{"unlock_right_away":"2024-09-30 18:55:11 +0000"},"done":true},"automaticons:progression/root":{"criteria":{"requirement":"2024-09-30 18:55:11 +0000"},"done":true},"eroxified2:core/info":{"criteria":{"requirement":"2024-10-01 17:28:45 +0000"},"done":true},"minecraft:adventure/adventuring_time":{"criteria":{"minecraft:old_growth_birch_forest":"2024-09-30 19:43:46 +0000","minecraft:old_growth_pine_taiga":"2024-09-30 19:02:55 +0000","minecraft:forest":"2024-09-30 19:39:03 +0000","minecraft:taiga":"2024-09-30 18:55:12 +0000","minecraft:river":"2024-09-30 19:02:02 +0000","minecraft:grove":"2024-09-30 19:44:13 +0000","minecraft:meadow":"2024-09-30 18:55:34 +0000","minecraft:lush_caves":"2024-09-30 19:47:32 +0000","minecraft:old_growth_spruce_taiga":"2024-09-30 19:43:27 +0000","minecraft:dripstone_caves":"2024-09-30 19:02:13 +0000","minecraft:plains":"2024-09-30 19:49:23 +0000","minecraft:jagged_peaks":"2024-09-30 19:44:14 +0000"},"done":false},"mcpaint:guide/root":{"criteria":{"requirement":"2024-09-30 18:59:00 +0000"},"done":true},"minecraft:adventure/sleep_in_bed":{"criteria":{"slept_in_bed":"2024-09-30 18:59:11 +0000"},"done":true},"minecraft:recipes/decorations/chest":{"criteria":{"has_lots_of_items":"2024-09-30 19:07:22 +0000"},"done":true},"minecraft:adventure/root":{"criteria":{"killed_by_something":"2024-09-30 19:08:37 +0000"},"done":true},"minecraft:story/shiny_gear":{"criteria":{"diamond_helmet":"2024-09-30 19:09:52 +0000"},"done":true},"minecraft:recipes/transportation/mangrove_boat":{"criteria":{"in_water":"2024-09-30 19:15:22 +0000"},"done":true},"minecraft:recipes/transportation/acacia_boat":{"criteria":{"in_water":"2024-09-30 19:15:22 +0000"},"done":true},"minecraft:recipes/transportation/cherry_boat":{"criteria":{"in_water":"2024-09-30 19:15:22 +0000"},"done":true},"minecraft:recipes/transportation/bamboo_raft":{"criteria":{"in_water":"2024-09-30 19:15:22 +0000"},"done":true},"minecraft:recipes/transportation/spruce_boat":{"criteria":{"in_water":"2024-09-30 19:15:22 +0000"},"done":true},"minecraft:recipes/transportation/birch_boat":{"criteria":{"in_water":"2024-09-30 19:15:22 +0000"},"done":true},"minecraft:recipes/transportation/oak_boat":{"criteria":{"in_water":"2024-09-30 19:15:22 +0000"},"done":true},"minecraft:recipes/transportation/jungle_boat":{"criteria":{"in_water":"2024-09-30 19:15:22 +0000"},"done":true},"minecraft:recipes/transportation/dark_oak_boat":{"criteria":{"in_water":"2024-09-30 19:15:22 +0000"},"done":true},"minecraft:end/elytra":{"criteria":{"elytra":"2024-09-30 19:43:01 +0000"},"done":true},"minecraft:recipes/misc/blue_dye":{"criteria":{"has_lapis_lazuli":"2024-10-01 17:39:32 +0000"},"done":true},"minecraft:recipes/building_blocks/lapis_block":{"criteria":{"has_lapis_lazuli":"2024-10-01 17:39:32 +0000"},"done":true},"minecraft:adventure/under_lock_and_key":{"criteria":{"under_lock_and_key":"2024-10-01 17:38:22 +0000"},"done":true},"minecraft:recipes/redstone/dispenser":{"criteria":{"has_bow":"2024-10-01 17:38:31 +0000"},"done":true},"minecraft:story/enchant_item":{"criteria":{"enchanted_item":"2024-10-01 17:39:50 +0000"},"done":true},"DataVersion":3955}